5,64,2,0,9,1,2,0,0,0,0,6,72,6,63,31,0,1,0,44,5,22,140,38,18,34,0,4,0,13,34,8,29,160,59,0,3,0,0,0,0,0,0,1,112,21,1,3,2,1,0,21,18,6,14,71,53,37,0,3,0,0,7,170,170,170,44,0,0,0,0,0,0,0,0,0,73,7,0,1,0,0,0,17,38,3,12,54,13,0,0,10,0,0,34,170,170,0,0,0,0,0,0,0,0,0,0,0,27,4,0,0,0,0,0,3,30,3,0,4,11,0,0,7,0,0,22,78,53,1,0,0
5,133,2,0,38,3,1,1,2,1,0,11,186,19,0,0,0,0,0,46,110,12,0,0,0,0,0,4,0,0,0,0,0,0,0,0,56,3,2,0,2,2,0,12,186,61,0,0,0,0,0,14,150,25,0,0,0,0,0,2,0,0,0,0,0,0,0,0,44,3,4,1,0,0,0,8,186,7,0,0,0,0,0,70,155,2,0,1,0,0,0,26,0,0,0,0,0,0,0,0,19,3,0,4,3,0,0,5,186,1,0,0,0,0,0,106,168,0,0,0,0,0,0,60,0,0,0,0,0,0,0,0
10,130,2,0,3,0,1,1,5,8,1,3,91,15,0,0,0,0,0,6,193,102,0,0,0,0,0,0,74,28,0,0,0,0,0,0,1,1,7,4,2,1,1,1,160,10,3,0,0,0,0,8,193,51,0,0,0,0,0,7,72,10,0,0,0,0,0,0,2,2,1,10,4,0,1,2,150,14,0,0,0,0,0,11,193,9,0,0,0,0,0,60,76,0,0,0,0,0,0,12,1,1,0,9,20,1,0,1,83,1,0,0,0,0,0,17,193,0,0,0,0,0,0,63,90,0,0,0,0,0,0,12
11,23,2,2,34,83,51,0,0,0,0,3,112,56,69,2,0,0,0,16,141,32,5,0,0,0,0,4,61,33,15,1,0,0,0,1,74,50,27,0,0,0,28,122,59,28,60,6,0,4,47,68,141,57,3,0,0,0,1,6,54,69,13,0,0,0,0,0,66,12,0,0,0,0,12,80,141,3,0,0,0,0,13,72,141,27,0,0,0,0,0,20,90,113,11,0,0,0,0,15,31,27,0,0,0,0,0,1,126,3,0,0,0,0,0,20,141,0,0,0,0,0,0,38,98,12,0,0,1,0,0,62
34,245,2,0,38,57,25,1,1,0,0,18,44,42,27,27,24,23,9,16,150,1,2,12,52,14,4,49,21,0,0,26,148,13,1,5,57,29,7,2,2,1,4,36,49,6,3,6,53,114,39,38,150,5,0,1,47,49,12,33,34,0,0,8,150,63,0,1,25,36,8,3,9,12,24,24,58,22,12,33,134,26,7,11,150,30,4,8,61,21,2,31,18,0,0,12,150,41,1,6,19,21,1,0,1,5,21,21,15,16,15,13,17,16,10,10,76,13,5,3,13,27,80,72,4,1,0,8,54,68,50,14
43,129,2,0,8,10,7,7,3,0,0,0,44,53,35,0,0,0,0,1,112,82,64,10,0,0,0,2,7,8,75,93,26,0,0,0,32,21,14,30,9,0,0,1,121,118,68,0,0,0,0,7,93,103,96,3,1,0,0,1,19,11,9,44,121,0,0,0,18,2,3,17,62,17,13,19,121,17,5,0,0,0,4,87,86,21,34,6,3,5,12,21,0,2,5,26,121,15,8,0,8,0,0,1,81,28,5,12,121,0,0,0,0,0,23,121,34,0,0,0,0,21,121,70,0,0,0,1,33,77,121,0
50,8,2,0,64,0,0,0,0,0,4,83,60,4,7,1,1,9,44,76,102,29,7,0,0,2,27,125,125,7,0,0,0,0,6,125,98,15,0,0,0,0,0,28,125,82,34,1,0,0,0,26,111,125,49,0,0,0,0,10,125,39,0,0,0,0,0,68,19,11,0,0,0,0,0,0,125,29,1,0,0,0,0,55,125,26,3,0,0,0,0,58,108,2,0,0,0,0,0,51,1,0,0,0,0,0,0,0,88,0,0,0,0,0,0,48,120,0,0,0,0,0,0,69,80,0,0,0,0,0,0,45
51,129,2,0,2,11,6,21,89,37,5,3,101,87,24,6,3,2,3,8,53,103,124,22,0,0,0,0,22,40,26,37,59,15,0,0,24,1,0,0,66,104,14,9,130,68,1,0,0,2,8,44,89,43,25,15,6,6,30,25,0,3,6,6,130,72,6,0,21,2,3,0,2,24,9,8,116,5,0,0,0,0,66,130,16,1,0,0,2,10,130,130,0,0,0,0,84,130,112,17,2,5,26,14,2,0,0,3,2,5,7,8,3,0,19,21,0,7,21,2,0,1,71,33,0,0,10,6,3,34,51,6
51,129,2,0,5,1,1,8,2,0,5,25,7,18,10,0,0,5,104,47,14,34,33,2,3,21,73,16,1,6,48,23,13,19,5,0,14,17,3,7,14,4,0,0,90,135,78,0,0,0,0,4,17,135,135,10,5,0,0,1,0,18,130,104,63,0,0,0,39,4,3,20,3,3,0,7,135,42,6,0,0,0,0,77,81,28,34,6,14,10,20,39,0,3,51,50,43,20,30,0,10,0,2,63,52,0,0,4,123,0,0,0,1,0,30,120,32,0,0,0,0,37,135,70,1,0,1,0,1,54,135,5
51,150,2,0,0,1,0,0,0,0,88,23,15,4,0,2,4,2,45,40,4,2,1,6,14,8,10,8,0,0,0,0,2,9,17,4,19,0,0,0,0,1,135,74,135,32,3,6,9,0,28,84,26,19,4,26,117,39,20,1,0,0,0,6,12,50,130,4,80,0,0,1,1,0,13,31,135,10,0,3,13,0,16,91,36,3,18,112,117,22,53,21,0,0,43,135,30,49,38,0,19,0,0,6,4,0,0,20,58,0,0,0,0,0,89,135,7,1,3,12,3,12,135,69,1,0,5,26,16,71,83,5
56,150,2,0,2,1,0,0,0,0,97,25,0,1,2,0,0,0,106,45,11,3,0,1,4,3,44,46,3,1,0,3,11,6,7,8,0,0,0,0,1,2,137,33,36,1,0,0,0,0,137,128,137,50,4,7,13,1,25,83,11,15,4,14,66,36,23,3,1,0,1,11,9,2,14,3,137,8,0,1,1,0,13,42,137,45,0,7,30,3,14,67,13,4,10,98,119,38,28,7,0,4,6,23,23,0,0,0,48,0,0,4,4,0,1,45,75,1,0,1,1,0,115,137,3,0,4,35,8,18,137,53
58,32,2,1,23,5,0,0,0,0,1,5,47,19,0,0,0,0,0,3,26,18,4,8,5,0,0,5,179,119,0,4,3,0,34,179,47,12,0,0,0,0,0,6,32,8,0,0,2,5,9,20,23,3,0,2,0,0,12,53,128,19,0,1,0,1,103,179,54,17,0,0,1,0,0,0,18,9,0,0,16,9,1,2,50,21,0,0,1,1,1,11,179,100,2,1,1,2,4,5,35,16,0,0,3,0,0,0,14,17,1,2,11,1,0,0,38,28,0,0,0,0,0,0,179,156,3,1,0,0,0,0
58,32,2,1,5,62,9,0,0,0,0,0,11,63,13,0,0,0,0,1,4,72,21,0,0,0,0,0,0,29,24,2,0,1,0,0,0,76,20,0,0,4,1,0,8,41,12,0,0,13,11,7,62,31,5,0,1,0,3,20,26,145,33,5,17,9,1,2,0,18,15,1,3,21,1,0,5,56,26,0,0,13,5,1,49,52,9,0,0,0,1,10,153,153,19,0,3,0,1,152,0,30,36,1,1,1,0,0,0,63,35,2,1,0,0,0,2,153,108,5,4,2,1,2,89,153,153,29,94,91,14,103
63,19,2,1,69,64,2,0,0,0,0,0,128,81,0,0,0,0,0,0,67,80,7,2,4,0,0,0,80,65,3,1,1,0,0,0,102,17,0,0,0,0,3,36,128,71,0,0,0,0,0,19,95,46,0,0,4,5,3,7,128,98,0,0,0,0,0,0,115,28,6,1,0,0,3,37,128,19,0,0,0,0,1,78,128,47,0,0,0,1,5,40,128,61,0,0,0,1,6,28,33,85,30,1,0,0,0,0,128,55,0,0,0,0,0,4,128,76,0,0,2,2,0,3,37,16,0,0,11,23,19,33
64,34,2,1,9,7,0,0,0,0,0,0,10,13,0,0,0,0,0,0,32,18,0,0,2,1,0,0,174,174,0,0,0,0,0,0,19,10,0,0,0,0,0,0,15,11,1,1,0,0,0,4,106,41,2,7,6,1,0,11,174,174,0,0,0,0,40,163,13,6,0,0,0,1,1,2,9,0,0,0,0,1,5,25,41,6,0,2,0,0,7,41,105,17,1,2,3,3,145,174,4,3,0,0,4,3,0,0,15,8,0,0,1,1,0,4,15,8,0,0,0,0,2,4,109,122,9,18,15,1,5,8
65,190,2,0,22,0,0,5,21,19,42,57,8,9,23,20,27,25,31,23,27,17,15,5,3,0,7,41,7,16,32,38,11,0,1,2,46,31,11,30,26,18,118,118,118,33,28,14,13,11,74,118,41,25,36,5,10,26,4,6,36,19,8,1,1,2,2,11,118,118,118,118,27,5,6,27,118,118,118,71,24,9,5,34,54,16,7,24,45,41,6,11,44,16,1,0,1,3,6,29,118,41,30,13,6,7,31,118,29,16,49,58,39,2,0,21,3,2,8,48,64,17,0,3,42,5,1,2,6,6,4,32
68,169,2,0,55,27,1,3,4,15,22,19,106,19,9,47,27,9,7,19,5,2,32,123,42,40,21,16,8,55,123,38,19,51,26,10,47,35,42,36,1,10,15,12,123,23,19,52,27,4,4,23,34,31,97,123,71,45,32,7,104,123,99,21,12,7,15,13,98,27,14,36,20,0,0,5,123,18,12,36,20,0,1,28,62,23,123,74,3,5,33,20,10,55,73,9,10,20,26,1,108,25,5,20,11,0,0,3,75,30,18,22,11,1,6,25,24,3,1,1,1,23,56,32,2,2,0,1,4,25,51,8
71,198,2,2,123,132,35,7,5,2,6,9,79,132,10,0,0,0,5,7,32,30,2,13,14,9,15,12,0,0,0,27,114,53,2,0,132,49,51,22,26,39,17,50,89,23,1,3,9,38,42,44,36,5,0,3,26,24,63,56,3,0,0,5,132,119,6,2,52,132,114,54,36,21,13,14,34,56,24,50,27,9,4,7,62,46,10,12,31,6,2,7,8,2,0,22,132,27,0,0,1,19,30,8,5,15,32,12,1,13,20,18,9,2,11,8,6,14,11,13,23,31,2,1,0,0,0,27,132,57,1,0
79,191,2,0,51,74,19,8,5,19,12,9,95,12,0,0,0,7,22,84,92,2,1,4,0,0,0,66,12,1,15,33,6,0,0,7,6,18,23,39,72,98,24,6,119,66,7,6,3,30,38,94,119,46,0,0,0,2,2,40,23,3,1,2,7,21,36,12,6,35,13,40,62,72,67,5,119,119,33,11,6,10,17,91,86,15,4,1,8,13,15,119,9,2,3,9,18,30,24,23,18,119,62,11,32,25,22,5,19,119,80,62,60,13,6,7,78,60,31,30,40,20,16,70,34,24,16,19,3,1,1,12
86,170,2,0,25,23,76,44,4,4,4,15,6,65,103,21,1,1,1,0,0,32,109,14,3,3,4,4,0,1,63,35,7,9,5,1,11,20,113,27,11,55,39,13,51,64,86,18,3,12,21,30,8,13,113,65,11,7,4,5,0,5,103,41,9,10,5,1,32,27,9,4,38,113,57,64,113,85,11,2,2,15,46,111,18,4,13,17,33,56,26,18,7,8,20,7,7,18,23,33,46,20,8,60,113,40,23,73,80,20,0,1,1,7,60,113,3,0,0,0,16,85,87,58,0,0,0,0,5,44,113,34
86,170,2,0,58,21,9,12,7,0,0,4,108,17,6,6,3,4,2,20,3,2,17,27,41,26,3,4,0,3,20,91,109,22,1,0,84,13,6,5,6,3,1,34,111,38,13,7,5,4,7,13,10,11,40,46,34,21,22,3,0,1,17,70,86,77,6,0,85,5,0,0,1,0,8,95,80,10,2,11,15,28,41,79,7,2,4,29,59,101,111,70,0,10,15,12,87,111,86,18,111,33,1,2,2,9,12,41,111,14,8,34,16,17,15,42,25,5,45,111,48,35,16,20,27,84,111,49,30,53,25,13
90,101,2,0,6,0,0,0,0,2,112,131,46,4,0,0,2,3,88,131,23,14,26,84,55,8,12,20,0,47,115,88,11,1,0,0,57,5,2,0,1,4,24,42,131,51,0,0,0,0,6,68,95,73,20,13,0,0,0,13,5,27,77,24,0,0,0,0,34,80,114,1,0,0,0,1,131,112,67,0,0,0,0,45,97,45,6,0,0,0,0,62,16,4,2,6,1,0,0,4,30,75,73,0,0,0,3,58,48,106,76,0,0,0,1,54,23,48,15,0,0,8,23,13,7,2,0,0,1,0,9,16
90,23,2,0,15,0,0,0,0,0,4,90,43,0,0,0,0,0,0,125,72,17,4,1,0,0,3,135,32,12,1,0,0,0,64,255,36,21,0,0,0,0,1,34,150,38,0,0,0,0,0,51,83,15,0,0,0,0,4,61,13,0,0,0,0,0,7,164,51,11,0,0,0,0,0,25,84,13,0,0,0,0,5,106,16,2,0,0,0,0,51,108,7,0,0,0,0,0,12,107,37,6,0,0,0,0,0,38,5,1,0,0,0,3,10,59,16,0,0,0,0,0,20,100,20,1,0,0,0,0,4,73
91,249,2,0,106,24,2,0,0,18,62,96,43,26,3,0,0,2,134,134,15,6,0,0,0,5,58,134,0,0,0,0,0,3,11,2,36,107,52,9,10,2,5,18,34,8,8,9,59,29,52,84,134,30,12,8,5,12,38,134,5,8,16,14,3,7,10,3,15,16,9,5,15,21,67,69,57,32,11,9,80,38,20,7,134,80,21,10,3,0,0,23,51,21,42,32,0,0,0,6,14,27,10,3,1,2,18,20,71,62,14,2,1,2,7,10,134,50,6,0,0,0,0,68,87,4,8,5,0,0,2,72
93,240,2,1,0,4,67,12,8,9,6,1,0,3,36,29,56,16,1,0,20,8,22,36,29,17,16,31,123,78,7,1,0,0,8,123,10,2,3,3,12,42,52,13,78,46,57,34,14,8,14,15,11,42,123,123,14,3,1,3,95,123,54,10,0,0,1,55,14,8,42,26,14,8,3,2,123,23,12,7,2,9,26,56,16,15,13,32,19,65,74,23,123,63,6,3,1,6,14,55,0,29,40,26,14,8,0,0,8,41,81,36,2,5,9,8,4,123,123,16,3,20,26,4,77,120,49,6,8,2,5,17
93,240,2,0,27,0,0,1,115,115,101,93,9,1,2,8,15,115,115,28,6,2,5,37,13,37,115,96,27,17,4,2,0,0,55,115,40,4,1,2,64,112,74,56,115,40,12,13,3,11,40,62,12,16,24,110,39,36,12,15,67,9,3,14,7,7,19,100,41,37,39,13,12,10,1,3,115,30,13,4,5,25,38,60,9,3,1,9,24,115,80,18,41,14,3,0,3,14,15,47,28,16,13,5,2,1,0,37,21,18,25,28,7,4,2,18,5,8,25,55,15,11,7,5,43,14,11,0,0,0,2,24
95,23,2,0,27,0,0,0,0,0,5,90,29,0,0,0,0,0,3,145,23,1,3,4,0,0,4,145,47,28,8,2,0,0,58,145,20,10,0,0,0,0,10,99,40,5,0,0,0,0,14,145,145,16,0,0,0,0,1,136,86,10,0,0,0,0,2,92,38,29,0,0,0,0,0,20,104,34,0,0,0,0,0,27,145,39,0,0,0,0,5,68,31,5,0,0,0,0,26,63,33,2,0,0,0,0,2,42,65,8,0,0,0,0,0,41,29,0,0,0,0,0,19,145,1,0,0,0,0,0,58,90
98,135,2,0,32,1,0,0,0,0,8,53,113,7,0,0,0,0,43,96,81,1,0,0,0,2,136,107,1,0,0,0,0,19,136,37,46,2,0,0,0,0,4,31,61,9,0,0,0,9,78,57,87,28,10,23,13,6,94,43,9,9,17,54,44,22,104,7,6,0,0,0,0,0,11,16,76,4,0,0,0,3,40,26,136,93,25,22,6,0,3,13,24,54,136,82,19,0,1,3,0,3,1,3,1,0,0,0,75,40,0,0,0,0,0,5,136,83,4,0,0,0,44,57,22,23,48,1,0,0,82,87
99,216,2,0,47,1,0,0,0,0,1,86,72,0,0,0,0,0,30,142,95,2,0,0,0,1,44,142,51,4,0,0,24,37,2,27,24,0,0,0,5,7,1,33,89,2,0,0,0,0,21,142,142,49,0,0,0,0,13,124,65,12,0,0,48,23,7,43,17,1,0,0,5,3,0,5,142,6,0,0,0,0,1,46,142,68,0,0,1,4,2,57,27,16,0,4,34,27,17,16,4,2,0,0,0,0,0,2,87,0,0,0,0,0,0,41,142,0,0,0,0,4,10,142,27,0,0,1,6,32,25,59
104,213,2,0,52,0,0,0,0,0,12,132,121,5,0,0,0,0,33,140,99,4,0,0,29,27,5,73,1,0,0,0,44,52,10,3,70,2,0,0,0,0,4,62,140,83,0,0,0,0,5,54,96,47,1,2,33,18,10,27,5,0,0,12,101,38,19,11,81,1,0,0,0,0,0,22,140,15,0,0,0,1,2,125,61,6,0,1,16,50,27,62,13,2,2,55,62,8,10,12,25,1,0,0,0,0,1,18,87,0,0,0,0,0,11,140,63,5,0,0,1,19,39,140,47,5,4,21,5,3,2,14
114,12,2,0,100,34,2,2,0,0,0,42,128,35,0,0,0,0,0,73,128,29,0,0,0,0,1,127,26,2,0,0,0,0,5,85,128,42,0,0,0,0,0,17,128,128,6,0,0,0,0,15,83,119,27,9,4,0,1,50,55,2,0,1,2,0,3,128,88,61,1,0,0,0,0,8,128,37,1,0,0,0,0,107,61,15,8,9,20,17,16,64,39,2,1,2,15,13,6,74,21,6,0,0,0,0,0,3,128,6,0,0,0,0,0,55,73,2,0,0,1,4,10,46,25,41,12,1,2,3,1,7
119,13,2,0,18,0,0,0,0,8,14,102,124,10,0,0,0,3,6,73,124,7,0,0,0,0,4,94,19,2,0,0,0,0,14,45,56,5,2,2,0,0,5,124,91,10,0,0,0,0,9,124,123,25,0,0,0,0,12,124,8,3,0,0,0,0,45,123,92,11,2,4,0,0,0,40,124,43,0,0,0,0,0,58,124,115,7,3,0,0,1,58,6,11,7,12,15,4,14,39,29,8,0,0,0,0,0,18,116,17,0,0,0,0,0,69,90,3,0,0,0,1,5,124,10,1,0,3,11,11,15,37
125,234,2,1,0,17,17,8,64,124,28,0,32,124,23,1,1,57,37,13,68,124,22,1,0,0,10,26,43,15,5,8,16,7,5,29,9,27,56,17,26,29,5,4,42,80,23,12,10,7,67,65,85,29,5,2,1,1,50,103,25,8,1,2,10,50,38,16,12,31,18,11,4,6,6,5,29,31,26,73,20,10,13,9,124,58,13,18,10,2,4,33,18,20,69,46,41,26,7,2,20,33,6,0,1,8,13,11,12,79,124,26,12,24,20,5,124,120,124,37,4,4,1,17,48,53,119,93,33,7,5,8
129,12,2,0,20,0,0,4,28,6,4,17,128,5,0,0,0,0,0,32,128,2,0,0,0,0,13,70,87,3,0,0,0,0,6,59,23,0,0,30,38,0,0,9,128,24,0,3,2,0,0,23,112,15,1,0,0,1,39,61,128,14,0,0,0,0,13,81,13,18,6,13,27,2,0,0,128,67,5,4,3,0,0,15,128,79,5,0,0,0,1,17,128,128,3,0,0,0,0,3,34,36,3,0,0,0,0,0,60,120,12,0,0,0,0,1,128,104,23,0,0,0,0,4,128,59,1,0,0,0,0,24
131,143,2,0,18,1,2,1,2,11,30,106,3,10,27,9,51,64,37,20,63,50,35,8,7,6,19,56,67,31,2,1,1,0,1,32,24,21,28,39,0,0,4,17,113,113,94,26,4,2,5,11,56,100,113,106,19,0,0,1,51,58,14,43,22,1,1,2,18,12,21,68,14,0,0,1,113,39,11,11,4,0,0,103,91,21,15,113,59,0,0,47,91,26,14,80,30,0,0,0,1,0,0,80,69,3,0,0,78,1,0,1,5,5,8,98,113,6,7,45,5,0,0,113,34,27,17,41,17,0,0,2
132,226,2,0,2,2,2,5,8,5,5,1,28,1,2,3,10,11,5,29,135,0,0,0,0,1,67,161,102,0,0,0,0,9,161,161,2,19,18,22,5,5,8,2,20,13,7,27,53,9,2,8,140,6,0,2,6,1,2,66,161,2,0,0,0,0,4,161,6,11,20,16,4,0,1,2,8,14,24,43,51,0,0,0,90,35,22,8,4,0,0,11,161,16,0,0,0,0,0,50,8,6,6,5,2,3,7,7,1,3,15,16,12,13,14,6,9,17,17,1,1,3,21,31,116,8,1,0,0,0,4,61
146,125,2,0,17,0,0,0,0,3,35,65,16,12,3,0,0,23,119,58,23,32,14,5,10,21,83,44,9,10,7,67,79,28,10,5,18,4,0,7,5,5,31,24,119,119,24,1,0,2,21,20,54,110,107,36,0,0,2,3,28,33,18,119,104,0,0,0,33,5,2,49,39,0,1,9,119,30,4,1,0,0,0,80,109,32,48,19,0,0,0,32,3,19,22,82,86,0,0,0,5,29,91,75,41,0,0,0,119,119,91,0,0,0,0,19,103,35,5,0,0,0,0,18,4,3,6,26,12,0,0,2
149,142,2,1,1,0,0,0,29,74,130,57,49,2,0,0,0,4,130,130,27,0,0,0,18,73,42,51,19,0,0,0,31,40,25,40,28,3,0,0,77,82,27,15,130,52,0,0,7,11,23,73,110,10,0,0,78,96,12,40,58,0,0,0,37,55,23,38,45,8,5,17,23,23,0,2,130,17,0,0,3,31,41,84,33,0,0,0,29,126,84,90,21,2,0,0,3,24,29,73,12,19,16,31,28,0,0,3,30,30,39,30,6,25,25,34,35,14,11,25,7,45,44,55,92,21,1,0,0,0,1,49
151,241,2,0,1,0,6,19,40,44,13,17,34,24,13,9,70,36,16,62,71,34,8,5,1,7,19,75,15,1,2,4,10,33,41,48,8,2,27,54,62,37,5,11,106,110,52,7,37,21,4,20,37,99,59,36,45,13,6,7,6,1,1,19,94,47,14,7,9,10,29,25,110,74,0,1,110,33,39,11,17,9,31,88,59,39,20,33,36,21,65,60,9,10,13,105,110,5,0,1,9,38,52,49,60,6,6,3,17,29,87,53,5,12,24,11,110,110,25,29,5,1,5,12,18,30,15,110,110,0,0,0
154,62,2,1,0,0,0,1,12,30,14,1,5,0,0,0,2,7,51,27,3,3,1,0,0,0,13,17,2,2,2,0,0,1,2,5,0,0,0,0,106,122,36,2,12,0,0,0,30,57,139,105,101,5,0,0,0,0,82,139,18,1,0,0,2,3,1,13,0,0,0,0,139,122,3,0,90,18,0,0,51,84,29,16,139,82,0,0,0,2,7,35,33,10,0,0,28,14,0,2,0,0,1,8,139,56,0,0,122,60,8,8,24,19,2,1,139,90,0,0,0,0,1,1,8,5,0,0,54,22,3,1
154,62,2,0,0,0,0,0,0,40,143,2,5,0,0,0,0,41,143,29,51,1,0,0,0,4,67,88,6,3,4,0,0,5,4,3,0,4,12,2,4,44,143,20,42,24,25,0,0,21,129,66,143,34,5,0,0,2,16,83,34,5,3,1,1,0,0,2,0,71,143,9,3,2,4,2,13,143,143,0,0,0,7,6,105,143,82,0,0,0,0,5,18,15,2,1,0,0,0,1,4,29,90,0,0,0,3,4,0,19,77,0,0,4,15,0,0,17,20,0,0,4,24,3,2,2,0,0,0,0,3,5
157,239,2,0,35,42,8,16,42,8,3,16,69,108,21,16,10,6,8,23,1,5,16,74,70,7,3,0,21,0,3,48,28,0,0,23,39,12,12,23,89,9,2,40,67,21,17,2,5,13,88,108,111,38,37,71,15,11,33,23,15,10,24,125,30,0,0,6,13,65,50,47,46,6,1,3,26,49,114,19,6,19,18,14,125,41,25,18,2,5,8,34,52,19,31,125,39,22,12,12,10,12,9,121,52,29,8,5,25,6,5,5,25,85,44,14,123,4,0,0,1,12,34,101,18,1,1,8,15,87,89,42
161,169,2,0,27,11,12,2,4,7,52,112,54,34,31,1,0,0,2,93,22,15,2,0,25,47,6,7,14,14,8,5,38,64,6,6,52,53,59,5,9,10,25,104,115,35,20,2,4,7,1,84,35,11,2,3,85,85,6,7,22,14,1,1,35,111,9,9,70,53,54,6,0,0,23,102,115,36,3,0,17,34,4,30,27,27,17,8,73,113,11,12,18,35,10,10,93,111,10,6,42,115,32,0,2,0,26,56,61,84,7,0,43,70,6,9,35,15,6,3,40,71,16,33,51,86,5,11,75,35,3,1
174,250,2,0,7,11,10,34,63,33,35,13,82,0,0,2,40,34,45,116,132,0,0,0,0,0,0,105,0,0,0,0,0,0,0,0,1,4,1,3,58,71,72,5,101,18,14,12,50,43,18,60,132,29,2,1,0,0,0,132,12,1,0,0,0,0,0,4,21,21,7,43,82,15,3,2,92,130,60,21,3,2,2,16,132,132,29,7,1,1,14,43,7,10,9,5,1,1,4,3,12,17,12,50,45,3,0,2,73,61,11,8,9,4,9,43,38,27,3,3,6,7,81,132,0,0,1,1,0,1,23,87
175,137,2,0,6,0,1,134,46,0,0,13,105,0,0,12,6,0,0,134,134,3,6,0,0,0,0,112,11,2,19,3,3,2,1,7,6,0,1,67,134,32,3,12,117,5,7,39,30,0,0,40,134,9,0,0,0,0,0,86,36,4,2,2,2,1,1,9,3,5,5,12,40,71,23,10,72,51,25,27,16,5,2,4,134,97,1,0,0,0,0,6,39,8,1,2,1,1,3,1,15,56,35,60,8,5,2,1,35,122,134,1,1,0,0,0,81,118,31,0,0,0,0,1,8,3,3,4,0,2,8,1
178,24,2,0,39,35,0,0,0,0,0,3,46,7,0,0,0,0,10,44,49,0,0,0,0,1,58,54,207,2,0,0,0,3,20,108,36,13,2,1,2,0,0,12,42,4,0,0,0,0,0,23,116,2,0,0,0,0,0,22,207,0,0,0,0,4,3,92,23,21,8,4,4,0,0,2,39,35,8,1,0,0,0,1,76,25,2,0,0,0,0,12,207,1,0,0,7,18,7,98,19,14,2,0,0,0,0,1,26,11,0,0,0,1,6,11,27,12,0,0,2,0,8,30,198,6,0,11,91,21,6,70
182,250,2,1,11,28,25,51,49,16,6,8,42,3,0,11,24,10,53,68,120,6,0,0,0,0,42,84,47,4,0,0,0,0,0,5,3,1,0,4,51,77,94,33,42,0,0,0,54,97,57,41,163,17,0,0,0,3,20,61,75,7,0,0,0,0,0,0,0,5,3,2,10,53,90,21,111,11,1,4,25,84,23,10,163,56,0,0,0,2,1,6,62,9,0,0,0,0,0,0,5,48,31,24,6,7,3,2,65,106,56,43,6,5,1,0,163,156,8,0,0,0,0,0,30,6,0,0,0,0,0,0
186,123,2,0,63,25,1,0,0,0,0,2,94,63,11,9,9,3,1,7,13,10,5,19,35,70,41,13,2,10,14,14,18,27,11,5,73,17,16,10,0,0,0,7,135,41,18,43,8,0,0,20,22,47,39,135,44,7,1,0,26,112,135,17,1,1,1,1,51,24,18,60,6,0,0,3,135,31,7,22,2,0,0,32,85,30,56,135,9,0,5,10,61,99,63,27,0,0,1,0,61,28,30,50,7,0,0,0,135,33,19,26,9,8,45,40,32,3,10,11,0,3,135,86,11,14,12,4,0,0,60,80
187,139,2,0,4,0,0,0,102,131,2,3,23,24,12,4,6,35,21,21,44,32,45,8,4,11,23,28,29,4,1,0,59,68,11,24,19,2,0,6,131,61,0,5,131,122,13,3,16,4,0,20,20,61,43,20,131,44,16,2,2,1,0,0,42,96,36,1,22,0,0,32,131,12,2,6,131,15,0,3,30,4,3,81,42,4,0,9,131,43,7,20,0,0,0,0,63,39,9,0,5,0,2,72,77,10,2,1,80,1,4,31,11,10,25,79,12,0,0,1,69,123,41,30,0,0,0,0,24,25,0,0
187,139,2,0,26,26,0,0,0,0,0,0,68,120,43,34,13,0,0,2,11,8,23,79,77,1,5,34,83,10,3,1,4,0,2,70,68,36,7,0,0,0,0,1,130,38,7,23,43,4,0,14,29,3,3,90,130,14,0,3,130,10,2,7,20,0,0,38,45,95,33,0,1,1,0,0,130,42,16,2,20,58,40,22,16,3,0,22,130,118,13,4,130,56,0,6,19,2,0,6,66,67,10,22,24,3,0,0,4,12,22,30,45,34,43,8,6,32,23,21,22,24,13,4,102,130,3,4,4,0,0,0
188,107,2,0,0,0,0,0,7,54,115,82,22,0,0,0,0,0,78,115,7,0,1,0,0,11,33,35,0,0,1,0,17,46,10,17,16,8,26,40,19,29,23,26,115,40,5,1,4,7,20,96,46,5,0,0,37,93,55,56,0,0,0,0,55,101,66,67,5,9,115,115,23,6,1,3,87,26,37,25,34,36,34,75,13,0,0,0,106,115,54,54,0,0,0,0,37,62,109,53,8,0,8,21,101,42,7,39,17,0,1,6,104,70,14,38,12,0,0,0,77,59,12,29,0,0,0,0,30,26,22,2
190,118,2,0,8,16,2,0,0,0,0,0,100,26,6,1,0,0,0,7,101,39,14,42,21,9,4,8,4,26,23,42,24,31,15,4,43,33,7,2,0,0,0,1,106,28,22,43,2,0,0,12,123,31,18,80,7,0,0,30,39,70,64,123,10,0,0,0,111,24,9,1,0,0,0,3,112,42,35,83,12,0,0,3,123,34,15,26,4,5,62,56,24,16,34,37,0,0,111,60,64,46,88,13,0,0,0,0,123,60,57,49,26,0,0,0,13,7,19,53,113,26,66,21,29,9,2,1,3,4,119,79
192,144,2,0,11,2,0,0,130,76,0,0,130,126,6,0,9,11,0,1,28,97,51,14,72,55,3,1,4,6,11,8,25,61,51,6,32,7,0,17,127,56,1,0,130,61,0,1,15,14,6,18,56,13,0,0,130,130,9,7,0,0,0,0,51,80,45,1,18,3,1,82,81,12,0,4,115,6,0,10,11,37,74,98,8,0,0,0,63,130,70,16,0,0,0,0,19,44,3,0,0,0,0,7,29,82,22,0,0,0,0,2,10,40,32,9,0,0,0,0,0,40,19,1,0,0,0,0,1,6,0,0
192,144,2,0,4,4,0,0,0,0,2,2,22,47,14,2,0,0,0,3,51,28,12,12,1,0,13,61,24,5,0,0,0,0,20,99,33,24,0,0,0,0,0,0,120,130,54,31,3,0,0,6,9,27,53,130,85,1,10,20,96,3,0,15,20,1,14,102,56,17,0,0,0,0,0,6,130,35,6,13,6,0,0,80,65,7,7,130,130,6,0,20,78,1,1,57,79,1,0,43,28,60,9,0,0,0,0,0,130,63,17,0,0,4,7,36,61,2,0,23,128,95,17,26,44,6,1,27,84,18,0,2
192,167,2,0,1,0,2,0,1,1,0,0,156,0,0,0,0,0,0,23,156,4,1,3,1,0,0,41,36,5,33,73,13,0,0,2,0,0,0,0,1,4,4,1,156,5,0,0,0,0,1,27,156,10,0,0,0,0,11,101,41,2,6,5,0,13,87,36,2,1,2,1,0,3,5,1,156,41,0,0,0,0,1,11,156,92,3,2,0,2,14,54,11,6,2,3,1,7,64,23,2,0,0,0,0,2,3,1,156,4,0,0,0,0,0,21,156,6,0,0,0,2,25,91,2,0,0,0,0,4,59,28
195,160,2,0,0,0,0,0,0,3,10,2,46,11,0,0,0,2,6,5,152,65,0,0,0,0,1,32,115,12,1,1,0,2,71,64,2,4,2,1,0,1,5,3,119,22,1,1,0,2,3,5,152,112,1,1,0,1,8,52,37,22,3,6,2,8,48,41,0,0,0,0,0,2,6,1,133,10,0,0,0,1,3,16,152,8,0,0,0,0,61,129,12,0,0,0,0,2,152,89,1,0,0,0,0,6,15,2,67,20,1,0,0,0,5,23,41,41,63,24,1,4,78,61,4,0,19,45,2,6,150,79
200,53,2,0,1,0,0,2,1,54,67,16,3,0,1,39,3,4,38,63,0,0,15,135,5,0,0,3,0,98,135,135,1,0,0,0,15,17,22,55,82,135,83,48,135,58,11,4,1,10,49,135,32,2,1,31,27,15,3,17,1,17,45,52,13,10,0,0,5,35,119,135,35,11,1,1,79,131,70,12,2,4,8,17,17,4,0,0,8,26,26,11,0,0,0,0,8,67,14,2,1,1,6,8,8,43,20,10,5,13,19,2,3,8,5,15,0,3,15,14,4,3,2,1,0,0,2,49,86,80,2,0
208,155,2,0,14,0,0,2,10,10,21,22,109,0,0,0,1,1,83,156,15,0,0,0,0,0,156,156,3,2,0,0,0,12,156,156,4,9,2,0,0,0,11,9,41,10,0,0,0,0,16,33,8,2,1,5,6,1,75,67,3,0,1,1,0,0,127,156,2,10,12,0,0,1,1,2,43,9,4,0,0,0,0,10,13,4,2,4,4,1,0,3,9,7,4,8,2,0,7,8,0,35,156,50,8,0,0,0,11,26,108,43,9,0,0,1,7,11,120,19,0,0,0,2,7,2,52,20,2,2,0,2
221,16,2,1,5,1,1,4,23,9,2,3,68,36,16,5,7,4,20,64,47,35,61,29,1,3,67,39,176,66,10,2,0,0,4,16,5,8,15,14,8,0,0,1,14,20,44,13,6,0,14,33,143,6,4,7,20,4,61,43,176,33,0,0,0,0,3,22,17,9,2,0,0,0,0,0,12,8,9,5,14,0,0,1,176,16,1,9,60,1,0,1,176,33,0,0,0,0,0,8,9,3,0,0,0,0,0,0,15,1,0,0,15,3,0,1,176,19,0,0,49,6,0,0,176,36,0,0,0,0,0,2
221,16,2,0,0,0,0,4,155,83,0,0,31,12,0,0,155,93,0,0,23,12,0,0,11,3,0,0,0,0,0,0,9,5,0,0,0,0,0,4,155,128,0,0,54,8,0,0,155,65,1,4,21,2,0,0,11,7,7,4,0,0,0,0,14,11,2,0,0,0,7,22,155,115,1,0,19,5,59,54,100,19,7,6,7,0,5,23,14,14,50,17,5,0,0,0,5,11,11,11,1,0,6,10,155,130,23,14,2,1,49,51,31,32,56,40,13,9,8,45,71,30,11,6,16,9,1,1,0,0,1,5
221,124,2,0,4,67,33,0,0,1,22,1,0,58,107,0,0,4,17,0,0,47,109,0,0,2,14,3,4,42,94,0,0,0,1,3,26,41,11,0,0,1,24,51,9,19,25,0,4,52,83,21,70,90,16,0,0,13,59,27,31,132,132,1,0,0,6,10,30,5,0,0,4,6,19,45,20,6,1,2,22,34,36,15,132,64,3,0,0,3,42,132,97,132,49,0,0,36,132,132,6,0,0,0,2,2,10,22,1,3,1,0,2,6,38,9,4,24,6,0,0,1,56,51,2,17,13,4,2,17,132,52
233,252,2,1,2,1,2,36,102,11,0,0,120,31,4,7,17,3,0,17,155,140,13,5,0,0,0,12,23,38,17,14,1,0,0,1,0,1,10,45,125,1,0,0,111,13,15,23,37,3,1,29,155,51,1,0,1,0,0,62,27,14,1,0,0,0,0,2,3,6,0,6,107,49,6,0,52,155,34,7,28,7,0,1,111,126,16,0,0,0,0,11,0,0,0,0,0,0,0,0,20,104,13,0,5,47,20,3,93,155,10,0,0,1,0,0,7,40,4,0,0,0,0,0,0,0,0,0,0,0,0,0
235,195,2,0,61,103,11,11,0,0,8,47,5,5,50,93,9,1,6,28,1,5,49,95,26,4,2,0,33,31,37,7,2,4,3,4,9,9,24,48,5,1,18,64,70,7,8,22,10,4,19,98,14,3,41,50,28,21,5,6,10,15,61,18,14,43,2,4,19,28,35,62,16,4,2,11,84,53,19,42,21,3,0,8,28,8,2,30,78,38,5,13,23,6,5,3,89,173,15,18,36,5,0,5,13,6,14,48,58,11,2,14,24,12,7,25,16,3,2,50,97,173,6,8,0,0,0,2,173,173,2,1
236,155,2,1,17,9,3,5,1,0,2,9,163,105,13,2,0,0,0,3,85,68,155,49,0,0,5,10,10,12,163,54,0,0,0,4,47,11,0,1,9,6,9,18,163,87,0,0,0,0,1,30,123,26,3,1,5,6,10,41,36,9,16,1,0,2,22,46,55,3,0,3,1,2,15,36,163,32,0,0,0,1,0,54,99,31,22,4,10,10,2,25,61,25,8,0,1,0,3,18,57,2,2,14,10,1,0,13,163,33,0,0,0,0,2,29,74,42,14,0,0,0,4,24,22,17,12,1,2,1,1,8
239,123,2,0,51,2,0,0,0,0,0,5,125,20,1,0,0,0,0,13,137,19,0,21,96,2,0,33,3,0,0,21,137,3,0,2,75,6,0,0,1,0,0,1,108,10,2,0,0,0,0,28,137,10,0,19,90,2,0,47,8,0,0,41,137,1,0,2,78,2,0,0,4,0,0,5,102,19,4,0,0,0,0,15,137,32,0,15,74,1,0,42,8,2,0,43,137,1,0,4,54,0,0,0,7,0,0,8,42,0,0,0,1,5,5,35,88,0,0,1,24,20,26,137,4,0,0,8,137,65,18,14
246,128,2,0,57,0,0,12,30,3,0,0,169,1,0,1,30,9,0,13,34,0,0,8,169,56,0,5,0,0,0,2,53,17,3,1,64,7,1,17,34,4,0,0,169,26,0,10,35,3,0,9,39,5,0,55,169,20,0,3,0,0,0,8,77,17,1,0,65,7,0,3,21,14,1,0,169,12,0,2,26,19,1,27,32,1,0,8,169,93,1,11,0,0,0,0,71,24,4,1,33,5,0,0,1,6,3,2,133,4,0,0,11,13,5,21,8,0,0,0,98,54,4,5,0,0,0,0,20,19,6,0
248,133,2,0,7,4,9,23,30,10,0,2,111,1,0,18,45,5,0,4,169,2,0,4,72,14,0,27,10,0,0,14,169,35,1,3,0,0,2,27,35,12,2,5,120,9,2,25,48,8,0,1,169,21,0,20,70,9,0,21,15,2,0,47,169,30,0,3,0,0,0,1,16,35,24,20,107,9,0,1,24,25,4,3,169,6,0,0,54,33,4,46,10,0,0,1,169,76,3,8,0,0,0,0,0,8,10,6,24,3,0,0,0,6,3,2,62,1,0,0,9,9,4,15,1,0,0,0,36,21,2,1
249,122,2,0,1,3,0,0,0,0,0,0,18,8,1,0,0,0,0,0,50,16,4,12,10,0,0,0,1,1,2,27,67,0,0,0,45,15,1,0,3,0,0,7,119,29,6,1,0,0,0,5,157,43,5,36,44,0,0,4,13,6,2,95,157,0,0,0,73,0,0,3,12,0,0,17,127,18,2,1,0,0,0,17,157,18,0,15,35,2,0,104,27,3,0,81,157,4,0,19,61,2,0,7,22,0,0,4,84,5,1,0,0,0,0,13,157,8,0,4,7,0,0,74,70,3,0,76,157,0,0,11
249,99,2,0,9,0,0,0,0,0,0,1,14,0,0,0,1,1,0,2,34,0,0,1,26,0,0,3,1,0,0,0,38,2,0,0,77,0,0,0,10,2,0,16,107,2,0,1,10,14,0,23,150,6,0,16,150,1,0,22,12,0,0,16,150,4,0,1,90,10,0,3,15,0,0,4,126,21,7,14,5,1,0,4,150,18,0,18,150,2,0,12,14,1,0,22,150,1,0,1,80,10,0,3,16,0,0,0,95,15,7,15,1,0,0,2,150,9,1,15,114,1,0,7,14,1,0,25,150,0,0,0
250,165,2,0,5,1,0,0,0,0,0,6,102,14,1,0,0,0,0,32,177,47,2,0,0,0,0,3,52,26,7,4,1,0,1,4,2,0,0,0,0,0,0,9,159,2,0,0,0,0,0,63,177,36,2,0,0,0,1,36,47,14,8,13,19,18,7,13,5,0,0,0,0,0,0,2,177,36,0,0,0,0,0,9,177,48,0,0,0,1,4,20,36,0,0,0,11,32,33,14,5,8,0,0,0,0,0,0,160,78,0,0,0,0,0,9,177,46,0,0,1,3,31,52,8,0,0,0,10,22,61,12
252,62,2,0,22,2,0,0,4,5,5,6,205,83,0,0,0,0,0,0,205,47,0,0,0,0,3,4,6,1,0,0,0,1,6,6,54,15,1,0,3,1,0,4,205,94,0,0,0,0,0,8,205,30,0,0,0,0,0,16,13,3,0,0,0,0,0,8,31,7,2,0,0,0,0,1,205,12,0,0,0,0,0,44,148,2,0,0,0,0,0,41,16,9,0,0,0,0,0,5,0,0,0,0,0,0,0,0,0,0,0,0,0,0,0,0,1,0,0,0,0,0,0,0,1,0,0,0,0,0,0,0
9,202,2,0,0,0,0,0,0,0,0,0,26,18,1,2,4,1,3,8,67,26,5,9,10,23,12,23,9,13,34,44,20,17,2,0,0,0,0,16,17,0,1,11,15,8,4,63,140,36,26,37,140,32,20,11,18,18,29,109,32,20,29,14,37,24,15,15,11,1,0,7,15,13,48,131,24,24,37,129,110,14,33,41,140,126,45,45,32,10,3,18,36,35,1,7,140,63,17,18,68,43,32,10,11,14,12,36,70,45,10,18,8,13,18,21,31,23,8,12,22,41,19,28,70,140,9,2,80,67,6,3
9,202,2,0,46,93,9,14,9,133,124,1,33,106,28,18,27,62,19,4,16,18,25,15,22,31,10,17,6,4,12,8,45,81,37,12,57,90,21,34,21,19,7,8,38,27,2,7,131,133,41,33,119,19,11,32,23,50,36,103,10,14,19,127,71,43,4,2,12,20,13,7,21,31,33,27,19,27,24,93,133,58,14,11,133,72,20,30,12,6,3,27,21,4,6,55,17,0,0,5,42,22,12,1,10,14,3,20,2,5,6,15,42,67,3,1,11,4,1,2,1,5,1,1,0,0,0,0,0,0,0,0
19,103,2,0,1,5,0,0,0,14,16,0,0,1,0,0,0,90,40,0,0,0,0,3,16,126,34,0,1,0,1,9,17,122,59,34,0,0,0,0,0,93,126,0,6,0,0,0,0,126,126,7,49,23,28,28,19,77,50,14,5,9,75,126,17,14,2,4,1,0,0,0,0,81,126,7,64,2,0,0,0,27,104,41,126,28,10,3,0,2,6,29,46,11,42,118,0,0,0,5,4,13,2,0,1,10,7,3,58,15,2,0,0,0,1,28,118,0,0,0,0,0,0,126,35,0,1,12,0,0,2,96
19,103,2,0,0,0,8,20,21,1,0,0,50,33,13,6,1,0,0,5,128,58,0,0,0,0,0,25,86,11,0,2,0,0,0,8,0,20,128,23,1,0,0,0,47,35,110,44,0,0,0,1,128,55,7,2,0,0,0,42,97,8,0,1,0,0,0,28,0,38,128,32,1,3,0,0,6,7,126,126,20,28,2,0,128,19,22,22,9,16,11,62,121,0,0,0,0,0,0,56,0,3,14,5,1,83,45,0,0,0,6,13,21,128,45,0,50,8,2,3,8,65,40,89,116,6,0,0,0,0,0,102
25,98,2,1,4,1,0,0,117,44,0,1,117,49,0,0,9,3,0,1,92,34,0,0,17,11,0,0,0,0,0,0,117,50,0,0,21,3,2,6,114,70,5,8,117,34,0,0,1,6,7,22,63,13,0,0,13,97,29,9,0,0,0,0,98,117,5,0,11,13,101,97,55,7,0,0,105,33,57,27,4,14,23,28,10,0,2,17,12,117,86,12,0,0,0,2,16,117,21,0,0,0,81,61,0,0,0,0,0,3,84,117,3,2,1,0,0,0,40,117,26,15,4,0,0,0,2,62,31,15,3,0
26,251,3,1,33,19,4,3,29,35,26,21,138,24,0,1,24,51,37,36,112,7,0,5,135,93,0,4,0,0,0,1,9,5,0,0,18,19,8,13,66,21,16,22,138,82,9,8,60,32,13,34,67,5,0,1,138,121,11,11,0,0,0,0,4,3,0,0,18,14,3,5,12,42,14,9,62,13,3,2,11,71,138,94,13,0,0,0,52,96,133,33,0,0,0,0,0,0,0,0,7,1,0,4,83,67,3,2,6,0,0,0,40,113,86,36,22,0,0,0,0,7,37,73,0,0,0,0,0,0,0,0
26,251,3,0,6,1,4,1,0,4,91,86,19,8,14,12,2,4,11,54,15,26,15,19,8,11,52,22,20,16,30,26,5,3,29,28,92,49,13,0,0,0,24,92,131,106,58,14,2,2,9,64,14,31,131,114,9,9,51,32,47,29,131,45,0,1,22,52,27,58,24,1,0,0,0,3,125,34,13,1,0,0,51,87,12,10,77,13,0,0,131,131,1,4,131,23,0,2,111,103,0,0,0,0,0,0,0,0,0,0,0,0,0,0,0,0,0,0,0,0,0,0,6,7,0,0,0,0,0,1,21,12
26,251,3,0,0,0,3,11,1,0,0,0,6,51,70,78,7,0,0,0,106,123,36,2,0,0,0,7,35,13,1,9,18,4,0,2,0,2,0,1,0,0,0,0,45,132,132,38,8,0,0,7,20,83,132,78,71,10,5,6,19,13,17,15,28,10,7,11,0,0,0,0,0,0,0,0,132,40,9,17,17,0,0,31,95,24,12,117,132,11,5,14,81,27,16,18,47,11,7,34,0,0,0,0,0,0,0,0,131,27,0,4,9,0,0,13,81,32,9,117,132,0,0,10,19,64,27,44,45,12,5,5
28,162,2,0,2,0,0,2,17,6,3,1,60,32,4,0,0,3,3,7,50,102,152,1,0,0,3,9,15,59,169,0,0,0,3,39,0,0,3,6,11,3,0,0,130,11,2,3,3,0,0,46,169,81,43,0,0,0,0,49,19,40,106,0,0,0,0,0,0,0,2,3,2,1,6,5,149,16,1,3,8,1,1,5,169,69,6,0,0,0,0,12,32,21,42,3,0,0,2,12,1,0,0,4,2,1,3,3,148,11,0,1,2,2,4,4,169,34,1,0,0,0,1,8,26,13,3,1,1,1,5,20
31,120,2,0,0,0,0,0,0,17,123,67,2,0,0,0,0,119,123,6,6,42,21,1,2,89,67,2,0,88,123,11,9,26,4,0,16,1,0,0,0,6,73,40,48,10,7,0,0,9,46,22,123,123,24,0,0,0,13,29,25,123,84,0,0,0,31,35,46,3,1,3,2,1,1,30,58,19,23,1,0,6,13,45,109,12,5,0,0,12,123,112,11,3,0,0,0,6,123,123,5,0,0,11,14,0,2,17,5,0,0,0,0,9,36,63,0,0,0,0,0,30,68,22,3,2,0,0,0,3,71,74
33,155,2,1,75,4,0,0,0,39,43,68,137,16,0,0,0,75,94,57,119,24,0,0,0,0,13,33,24,14,1,0,0,0,1,6,34,4,0,0,3,32,24,32,140,59,0,0,1,23,19,33,134,26,0,0,0,0,38,52,41,15,0,0,0,5,17,25,12,2,0,0,3,2,16,22,105,9,0,0,0,3,108,131,19,0,0,0,0,4,140,140,5,1,0,0,0,4,140,140,0,0,0,3,9,2,6,5,0,0,1,2,1,4,37,16,1,3,7,1,0,6,65,18,0,0,2,1,0,0,91,58
33,155,2,0,9,6,0,0,0,4,3,2,17,22,16,1,0,1,4,9,34,63,33,0,0,0,11,77,60,73,64,4,0,0,3,113,41,12,0,0,0,4,3,7,101,133,103,1,0,0,1,13,17,115,152,0,0,0,4,25,58,96,138,0,0,0,1,55,34,2,2,3,2,0,0,21,152,46,10,0,0,0,0,84,108,62,80,0,0,0,0,8,3,29,65,1,0,0,0,0,22,1,1,3,5,1,1,2,152,27,0,0,1,0,0,9,140,29,26,1,0,0,2,14,0,8,30,7,0,0,2,4
38,122,3,1,0,2,2,8,116,64,0,0,76,116,13,10,38,5,0,0,57,110,103,38,3,1,1,2,0,0,60,116,89,13,0,0,11,5,0,1,114,85,1,3,116,89,2,1,6,7,5,35,63,31,2,2,8,73,83,19,0,0,2,10,116,116,41,1,5,1,0,0,36,79,11,12,55,7,0,0,1,14,41,116,7,0,0,0,6,116,116,37,4,0,0,0,13,97,78,4,2,1,0,0,1,20,19,19,10,11,0,0,4,11,33,32,0,0,0,0,25,54,25,3,4,0,0,0,4,9,11,3
38,122,3,0,14,42,11,3,2,0,0,0,14,25,23,7,5,0,0,7,38,8,10,2,0,0,0,126,9,0,0,2,0,0,3,126,48,19,3,2,2,0,3,40,54,102,100,14,4,0,0,17,7,25,102,126,6,0,1,15,0,0,0,43,17,6,31,126,68,19,0,0,0,0,2,27,126,77,12,4,0,0,0,56,42,28,31,126,15,3,0,8,0,0,0,126,92,12,9,9,37,13,30,12,0,0,0,13,94,25,1,2,1,1,19,126,18,11,3,12,12,84,60,91,0,0,0,31,81,126,7,0
46,224,3,0,1,0,1,3,10,7,0,0,111,14,0,1,5,4,1,13,159,113,44,0,0,0,0,8,39,55,138,0,0,0,0,9,0,0,0,6,15,12,1,0,151,7,0,4,6,1,0,12,159,19,0,0,0,0,0,33,83,16,0,0,0,0,3,26,4,4,0,0,11,14,2,0,123,49,0,0,0,1,0,10,159,29,0,0,0,0,15,114,42,0,0,0,0,0,66,97,7,2,0,0,7,2,0,2,72,8,0,0,0,0,0,31,142,7,0,0,0,6,20,101,97,2,0,0,0,10,49,57
51,145,3,0,1,0,0,0,0,0,117,89,47,9,0,0,0,0,66,127,23,11,1,2,9,12,14,25,0,0,0,0,0,7,29,10,27,3,1,7,10,1,24,24,127,70,0,1,7,1,13,81,60,32,1,26,109,60,36,17,0,0,0,14,20,27,127,31,16,6,9,9,27,7,0,8,115,14,22,1,3,0,44,127,16,3,3,36,69,42,127,111,0,0,0,56,55,44,67,5,32,95,33,1,4,4,1,0,15,77,127,45,1,0,4,17,4,5,93,97,24,12,34,22,0,0,0,22,23,24,27,0
51,145,3,0,0,4,12,8,13,13,2,1,47,30,3,0,3,4,1,57,122,46,5,0,0,0,0,90,30,7,3,0,0,2,3,16,13,11,12,11,7,22,6,1,111,122,27,0,1,4,0,12,49,122,64,1,6,47,18,10,13,9,6,1,2,13,19,21,16,21,102,122,14,0,0,1,122,39,8,38,7,9,9,119,31,14,3,0,70,122,58,85,21,0,0,0,7,17,29,122,1,8,22,122,94,34,1,1,16,3,4,64,77,23,21,43,3,0,0,0,44,42,57,60,18,0,0,0,18,12,17,119
72,182,2,0,10,2,4,11,14,21,60,108,18,2,1,1,3,6,84,117,31,11,5,4,7,9,69,54,26,14,4,0,1,3,1,14,14,5,22,111,64,10,4,22,117,55,31,13,15,7,21,74,77,99,117,19,2,1,16,35,28,27,17,27,11,4,1,11,6,15,19,109,113,18,0,0,117,81,42,36,18,2,10,75,117,41,44,9,5,0,8,117,9,5,11,37,56,4,0,1,2,26,33,13,33,17,16,9,15,74,85,19,2,0,28,28,94,100,18,3,8,7,31,37,7,3,0,2,52,25,12,2
80,15,3,0,100,44,5,0,0,0,0,6,91,79,0,0,0,0,0,5,122,122,1,0,0,0,0,25,122,68,0,0,0,0,0,16,52,47,19,0,0,0,1,10,103,19,0,0,0,0,0,40,122,14,0,0,0,0,0,93,122,2,0,0,0,0,0,60,24,1,0,0,0,0,12,89,121,25,0,0,0,0,0,72,122,75,0,0,0,0,0,16,122,9,0,0,0,0,0,36,54,13,0,0,0,0,2,30,122,8,0,0,0,0,0,59,122,4,0,0,0,0,0,77,105,1,0,0,0,0,0,45
80,219,3,0,5,0,0,0,1,2,4,15,69,1,0,0,0,1,13,74,148,26,0,0,0,0,3,39,148,17,0,0,2,0,0,14,2,0,0,1,6,5,1,1,137,5,0,0,0,0,0,21,148,66,0,0,0,0,0,16,142,57,1,0,0,0,0,8,2,2,3,1,3,3,1,1,136,14,2,0,0,0,0,18,148,15,0,0,0,0,0,70,114,4,0,0,0,0,0,72,3,3,2,1,0,4,1,1,62,1,1,0,0,5,2,27,148,2,0,0,0,0,0,142,132,9,0,0,0,4,1,69
90,228,2,0,0,0,0,1,7,19,12,2,0,0,0,2,12,18,6,1,76,11,1,1,3,3,2,11,187,79,0,0,0,0,0,3,1,3,6,21,7,13,8,1,12,14,8,7,3,5,5,3,112,25,13,5,2,5,2,16,187,56,0,0,0,0,0,85,2,4,4,18,11,25,22,4,7,8,2,4,3,20,15,12,96,4,1,0,0,26,10,20,187,9,0,0,0,0,0,152,1,1,23,31,14,15,14,4,4,5,3,3,0,8,9,11,78,28,0,0,0,6,1,2,187,187,0,0,0,0,0,23
95,206,2,0,132,14,0,0,0,0,0,38,126,3,0,0,0,0,0,68,34,2,0,0,19,11,1,32,0,0,0,5,84,39,0,0,132,1,0,0,0,0,0,132,132,15,0,0,0,1,1,111,57,14,0,0,14,66,14,8,0,0,0,1,75,80,5,0,132,99,0,0,0,0,0,38,132,98,0,0,2,15,5,25,24,1,0,0,12,127,31,10,4,0,0,6,49,36,18,6,132,98,0,0,0,0,1,8,54,53,0,0,12,26,20,9,15,2,0,1,42,78,16,12,41,7,0,7,27,3,5,15
101,186,3,0,4,0,0,4,106,58,1,3,16,14,15,26,73,76,18,16,105,41,4,0,0,6,14,81,19,11,7,2,13,10,9,30,3,0,0,4,65,113,27,3,33,5,0,24,133,66,14,33,133,26,0,1,7,6,8,86,62,23,3,9,30,5,1,9,52,6,1,9,34,46,23,34,49,23,4,66,133,7,3,18,133,67,2,7,19,3,2,76,49,7,0,3,31,25,13,27,88,43,4,18,31,5,1,5,36,13,2,36,133,8,1,14,112,11,1,6,31,4,3,133,29,4,0,2,11,9,6,70
104,19,3,0,48,85,7,0,0,0,0,0,69,49,10,0,0,0,0,12,98,12,0,0,0,0,0,19,152,33,0,0,0,0,0,74,107,33,1,0,0,0,1,5,48,10,4,0,1,7,6,16,152,27,0,0,0,0,0,17,152,40,0,0,0,0,0,38,106,6,0,0,0,0,0,14,45,52,11,0,0,0,0,3,152,65,6,0,0,0,0,9,152,37,0,0,0,0,0,11,90,23,1,0,0,0,0,9,64,78,1,0,0,0,0,0,72,152,5,0,0,0,0,3,91,113,1,0,0,0,0,2
108,193,3,2,2,1,0,32,106,42,0,1,124,29,1,9,24,9,1,15,74,14,2,22,69,30,3,8,18,14,4,23,27,13,3,15,4,2,2,124,124,11,0,1,124,34,3,25,51,12,2,17,77,5,0,3,104,89,6,16,64,15,9,7,26,23,5,31,6,1,1,28,124,78,2,2,124,13,3,13,46,30,5,30,49,35,21,33,75,16,1,7,45,104,26,10,16,15,0,1,3,5,5,37,124,20,0,0,124,58,11,18,21,4,0,6,43,94,39,5,3,0,0,1,3,65,20,12,90,25,0,0
108,201,2,0,119,22,0,0,0,6,3,79,31,1,0,0,24,119,15,15,4,0,0,17,58,50,16,7,18,5,1,45,98,8,4,15,119,96,0,0,5,15,9,13,14,2,0,2,93,115,20,14,79,5,1,16,28,22,18,49,23,8,2,64,119,3,2,10,112,6,0,0,3,12,42,101,19,7,4,46,91,24,17,9,119,45,6,27,25,2,1,7,23,9,2,65,119,2,0,4,119,14,0,0,0,0,9,114,45,12,6,35,13,3,6,17,71,21,6,21,14,5,3,29,18,4,0,38,119,3,1,12
108,201,2,0,55,1,5,39,33,2,0,40,17,5,4,29,44,10,12,31,4,1,13,37,77,3,6,25,0,2,28,117,83,0,0,0,105,0,0,5,42,6,2,117,16,2,1,20,117,18,9,39,91,27,19,11,12,3,4,56,5,20,35,96,117,11,0,0,117,3,2,20,19,3,2,105,24,14,17,66,76,3,1,30,117,88,19,19,9,0,0,5,16,17,5,43,117,40,0,0,51,2,5,25,45,8,3,76,63,20,7,9,3,0,0,63,56,113,10,8,5,0,0,0,9,20,7,102,115,0,0,0
111,245,3,0,8,9,1,7,10,10,3,4,9,49,77,7,0,0,2,2,1,6,58,47,3,0,0,0,4,12,8,5,4,0,0,0,49,53,39,25,15,2,1,1,139,139,139,48,19,3,2,14,18,29,127,139,139,14,3,3,0,14,37,35,25,4,1,0,27,96,49,13,2,0,0,2,139,30,20,19,28,40,72,139,20,5,13,31,139,139,71,36,0,2,38,18,34,18,7,0,4,33,11,9,4,0,0,0,2,0,2,12,13,10,36,21,0,3,11,3,11,27,34,5,0,3,38,8,1,0,0,0
111,245,3,0,1,0,0,0,0,2,40,12,12,28,32,5,0,3,14,3,13,10,37,22,1,0,1,9,5,0,0,0,2,24,10,9,34,19,7,0,0,1,33,20,139,139,70,34,20,5,14,29,29,43,75,139,139,32,19,18,3,0,0,2,23,94,51,15,25,3,1,0,0,14,38,35,139,16,2,3,18,30,127,139,20,4,2,11,139,139,139,46,16,1,0,0,43,53,44,25,4,1,0,0,3,10,8,6,3,0,1,0,0,6,60,47,0,0,1,3,11,51,76,7,12,11,3,3,8,9,1,8
115,156,3,0,1,5,2,5,67,25,4,0,1,7,26,40,48,16,2,0,64,130,57,40,21,0,0,0,56,128,76,63,114,9,0,0,9,21,6,16,47,14,1,0,37,27,27,28,35,10,1,3,130,130,26,6,3,2,5,9,38,82,5,55,130,9,14,5,6,29,12,7,10,4,0,0,46,15,3,21,94,10,0,10,130,6,0,1,13,23,20,76,24,1,0,9,130,43,56,50,5,17,10,5,10,1,0,0,14,2,2,39,74,5,0,5,102,2,1,12,15,53,26,68,38,0,0,2,52,73,48,88
119,194,3,2,7,1,0,3,128,37,0,1,128,46,2,3,31,8,1,19,43,18,3,7,82,26,3,12,25,3,1,22,128,51,2,9,14,2,0,18,128,44,0,2,128,30,1,12,33,11,1,22,53,20,4,32,98,25,2,8,16,14,11,93,75,15,1,5,14,3,1,112,110,22,1,3,128,21,1,16,41,18,3,27,57,5,1,7,96,76,9,28,33,6,11,27,53,24,3,25,9,2,2,44,128,39,1,2,128,11,2,13,44,19,3,24,39,39,15,24,64,19,1,6,34,51,22,11,28,24,0,2
121,21,2,0,19,0,0,0,0,0,8,44,31,0,0,0,0,0,5,54,66,2,0,0,0,0,0,51,216,0,0,0,0,0,0,216,43,2,0,0,0,0,2,28,97,22,0,0,0,0,1,18,65,17,0,0,0,0,0,9,216,0,0,0,0,0,0,216,52,20,0,0,0,0,0,7,88,26,0,0,0,0,0,22,41,2,0,0,0,0,0,42,114,0,0,0,0,0,0,43,50,21,0,0,0,0,0,2,33,27,1,0,0,1,0,9,29,1,0,0,0,1,1,30,76,1,0,0,0,0,0,21
128,194,3,0,15,0,1,41,127,9,2,4,132,8,1,3,16,4,3,60,44,3,1,17,71,27,5,29,37,1,0,5,132,26,1,17,16,2,0,9,132,27,0,3,132,54,3,5,27,6,1,33,48,20,4,14,108,27,4,18,35,4,1,23,132,46,3,16,16,2,0,20,132,35,0,4,132,19,1,10,25,9,1,39,58,15,4,36,108,18,1,9,23,16,12,71,54,7,1,5,7,1,0,69,87,24,1,3,132,11,0,12,21,9,2,36,50,3,1,12,83,48,5,22,25,4,4,9,30,17,5,32
129,19,2,0,83,0,0,0,0,0,0,39,87,2,0,0,0,0,1,50,62,0,0,0,0,0,0,55,161,0,0,0,0,0,0,161,94,0,0,1,1,0,0,34,77,2,0,0,0,0,11,91,105,9,0,0,0,0,2,70,161,7,0,0,0,0,0,127,74,16,0,4,2,0,0,11,121,33,0,0,0,0,0,19,134,81,0,0,0,0,0,9,134,29,0,0,0,0,0,20,41,42,0,0,0,0,0,0,81,80,3,0,0,0,0,2,92,23,1,0,0,0,0,28,89,6,0,0,0,0,0,12
136,138,2,0,0,0,0,5,9,37,98,107,0,0,0,8,71,58,75,51,15,17,14,4,40,43,52,30,70,25,6,1,0,0,10,53,0,2,5,93,37,5,20,38,20,11,16,3,7,15,67,58,102,111,66,7,10,7,8,17,63,71,73,23,0,0,0,5,0,23,49,64,95,19,0,0,16,32,111,34,0,0,0,2,111,25,20,11,0,0,1,111,30,10,32,24,0,0,1,111,3,106,79,10,13,7,0,0,0,35,105,111,0,0,0,0,4,1,9,111,11,1,5,30,15,2,1,4,2,1,10,111
140,128,2,0,48,1,0,3,2,0,1,118,25,0,0,0,0,31,72,118,1,0,0,14,31,92,117,6,2,2,4,54,98,21,18,3,4,0,0,9,41,17,31,52,12,1,0,0,0,23,118,98,58,70,6,0,0,39,108,21,35,72,34,73,9,2,9,5,1,2,11,24,44,34,24,6,50,2,1,14,2,6,55,36,118,79,11,0,0,0,5,93,42,82,45,17,0,0,0,23,19,43,50,64,2,1,1,1,17,6,22,118,7,0,1,15,118,43,10,5,0,0,0,118,102,19,1,0,0,0,0,67
140,128,2,0,1,1,20,43,50,60,2,1,24,6,1,2,11,23,46,34,31,53,4,0,0,10,39,16,1,118,47,0,0,3,1,0,1,14,15,6,23,118,6,0,55,36,48,1,1,13,2,6,118,97,12,1,0,0,0,25,74,118,22,0,0,0,1,34,0,118,118,43,10,6,0,0,5,98,118,76,10,0,0,0,105,20,60,70,6,0,0,40,114,6,1,0,0,15,32,94,0,71,103,20,1,0,0,0,0,25,43,81,43,15,0,0,8,5,35,73,34,73,8,2,17,3,2,2,5,56,95,20
153,220,2,0,3,5,5,2,0,1,2,7,87,18,0,0,0,0,0,5,171,70,0,0,0,0,0,11,111,19,0,7,12,6,4,24,3,0,0,4,2,1,2,16,145,7,0,0,0,0,0,35,171,77,0,0,0,0,0,28,69,22,0,2,5,3,8,18,4,1,9,21,0,0,0,2,171,11,3,5,0,0,0,13,171,26,0,0,0,0,0,34,82,15,0,3,1,0,0,24,9,2,5,9,1,2,2,5,87,3,3,8,2,3,2,22,171,1,0,0,0,0,0,145,73,3,0,0,0,0,0,82
154,178,3,0,0,11,19,2,17,30,40,16,2,1,6,92,97,61,18,11,57,86,20,50,10,37,10,3,15,113,58,0,0,1,0,0,16,2,1,13,20,58,52,50,80,15,34,97,9,3,11,85,69,113,113,99,1,0,0,1,31,113,48,6,7,12,1,0,45,33,17,7,33,23,40,29,113,107,26,1,0,3,4,49,73,68,43,4,1,30,14,5,6,21,4,2,6,80,40,5,74,93,35,3,4,1,5,17,84,113,4,0,0,18,15,3,16,16,0,1,4,89,47,2,3,3,3,2,5,69,46,3
160,17,2,1,50,53,2,0,0,0,0,3,39,113,10,0,0,0,0,0,20,102,43,1,0,0,0,1,20,113,35,0,0,0,0,1,113,13,0,0,0,0,0,57,113,39,0,0,0,1,0,30,50,34,0,0,3,24,22,34,113,44,3,0,1,4,9,75,97,80,5,0,0,0,0,17,113,64,9,0,0,2,1,28,30,65,41,7,11,25,9,16,113,113,11,0,18,20,5,24,61,113,7,0,0,0,0,0,18,113,80,0,0,0,0,0,7,108,92,7,0,0,0,1,113,113,29,21,17,39,21,16
160,157,3,0,3,1,1,7,68,11,3,3,8,8,3,25,90,22,2,2,35,65,83,66,16,2,0,2,45,87,58,92,44,0,0,0,5,0,0,15,75,12,1,16,44,3,0,13,126,48,4,9,145,53,34,37,14,6,2,15,38,107,98,69,7,0,0,0,22,1,2,6,53,15,5,55,39,8,10,68,84,17,5,3,145,26,13,16,13,1,0,31,79,44,56,3,0,12,9,11,55,11,0,8,24,9,6,35,13,1,1,12,43,29,21,6,145,1,0,2,11,17,10,63,59,0,0,0,1,145,94,31
162,24,2,1,6,13,1,0,0,0,0,0,7,17,2,0,0,0,0,1,16,17,0,0,0,0,0,2,214,37,0,0,0,1,1,8,15,2,0,0,0,0,0,4,8,2,0,0,1,4,5,9,28,4,0,0,5,2,2,20,214,90,0,0,15,8,2,7,15,3,0,0,0,0,0,10,6,12,3,0,2,2,1,2,33,13,1,0,6,4,1,5,214,159,0,0,14,5,0,1,11,17,2,0,0,0,0,0,3,24,6,0,0,0,0,0,10,16,19,5,2,4,1,2,214,189,5,3,2,4,0,1
162,150,3,0,3,3,1,12,48,12,1,1,35,43,48,39,14,2,0,2,39,68,48,85,39,0,0,0,15,25,107,131,82,0,0,0,15,1,1,12,67,22,1,3,131,29,19,21,15,5,1,12,40,90,88,44,2,0,0,0,3,44,131,45,4,0,0,0,10,3,5,27,39,11,7,2,131,10,5,13,13,2,1,31,84,21,27,1,0,33,24,19,1,8,5,1,0,62,120,2,4,1,1,11,26,11,8,2,128,0,0,1,9,19,14,43,41,0,0,0,3,131,89,26,2,10,4,0,0,131,131,3
177,170,3,0,13,0,0,1,2,2,45,92,3,1,2,19,30,6,16,55,10,1,5,28,35,16,10,16,61,0,0,3,11,18,10,128,27,4,11,6,9,19,48,60,123,6,3,20,9,3,29,100,21,4,10,93,32,5,3,2,12,0,0,18,47,32,16,33,20,49,35,9,27,57,13,8,128,117,16,5,1,8,22,23,47,10,3,63,71,69,45,2,0,0,0,14,83,71,55,0,20,27,11,12,20,25,55,41,24,52,7,0,0,93,128,33,4,2,0,0,7,128,128,1,0,0,0,0,4,112,128,0
183,118,3,0,49,29,3,0,0,0,0,0,104,46,11,27,9,9,4,4,5,46,54,34,21,33,9,2,91,114,38,2,2,0,0,0,68,43,24,7,0,0,0,1,114,39,35,43,1,0,4,17,28,114,106,62,1,0,11,13,18,111,54,0,0,0,0,3,83,81,50,14,3,0,0,0,83,27,34,32,42,14,77,51,52,16,12,4,3,4,114,114,48,10,1,0,0,0,6,64,31,78,78,15,7,0,0,0,4,16,69,114,80,7,9,2,85,96,78,25,6,2,17,33,67,41,1,0,1,1,1,15
183,118,3,0,0,9,86,89,29,0,0,0,0,20,96,31,26,1,0,0,0,38,87,24,10,0,0,0,0,27,93,14,0,0,0,0,2,1,50,51,53,90,26,4,55,69,101,29,43,24,14,18,7,86,114,31,76,32,0,0,6,17,36,25,31,34,26,31,13,9,30,53,114,65,19,7,114,76,33,8,8,10,11,35,41,18,57,114,71,13,0,2,0,1,57,114,41,10,7,6,0,10,106,73,23,0,0,0,38,112,89,5,0,0,0,0,10,25,21,35,4,0,0,0,0,3,83,73,8,0,0,0
183,128,2,0,0,0,0,0,0,82,110,1,2,0,0,0,0,18,110,101,2,0,0,0,12,11,66,61,1,0,0,27,110,53,14,4,7,21,6,0,0,110,88,5,17,13,15,7,0,7,76,110,101,12,1,1,2,8,79,110,28,1,1,40,82,66,32,17,28,110,47,5,6,25,2,0,12,33,69,47,15,32,19,8,76,27,7,3,0,78,76,26,19,0,0,0,2,110,83,17,44,50,2,0,11,100,18,9,0,1,2,2,13,110,76,3,0,0,0,0,0,65,85,5,5,0,0,0,0,21,38,18
183,128,2,0,0,9,62,9,0,7,115,18,9,6,20,7,0,0,106,118,81,5,0,0,0,0,29,118,38,7,1,0,0,0,1,24,0,20,118,56,12,9,67,7,27,14,41,76,46,6,7,10,118,45,7,2,2,0,0,75,72,7,0,0,0,15,14,60,9,0,0,2,5,6,118,87,20,35,32,20,22,5,40,81,62,118,39,1,0,1,47,74,26,32,1,0,27,118,31,26,4,0,0,0,0,0,11,55,14,3,0,0,0,0,65,94,19,20,0,0,0,1,108,115,14,18,17,11,24,53,48,38
184,196,3,0,26,3,0,0,0,0,0,4,156,46,3,0,0,0,0,21,84,36,69,32,1,0,0,2,0,2,84,37,8,11,0,0,51,7,0,0,0,0,0,2,156,96,0,0,0,0,4,21,102,45,16,6,12,37,23,11,0,0,17,18,40,44,9,0,45,4,0,0,0,0,7,13,156,26,1,0,0,0,34,151,42,5,3,1,2,31,156,86,14,0,2,3,3,38,49,43,44,28,5,1,0,0,0,1,146,156,22,8,7,0,2,14,23,25,26,27,57,10,19,32,30,5,2,2,8,40,16,51
185,179,3,0,60,0,0,0,0,0,3,56,112,6,1,0,0,18,65,146,7,4,6,3,5,47,100,49,5,0,0,0,18,44,22,50,48,5,4,0,0,0,3,11,146,100,13,8,1,0,3,45,34,45,41,91,72,4,8,24,32,27,29,17,21,14,9,47,35,4,7,0,0,0,0,6,146,17,3,6,1,0,0,85,111,14,88,119,23,6,10,27,13,36,127,42,4,16,10,1,12,0,0,0,1,3,3,4,146,6,0,0,0,0,2,73,94,2,5,3,0,17,68,61,2,1,7,4,3,38,36,3
200,178,2,0,3,0,0,0,2,42,180,96,4,1,0,0,0,6,180,101,0,0,0,0,0,37,180,4,0,0,0,0,1,34,180,37,4,0,0,0,5,10,52,12,16,0,0,0,0,1,91,21,2,0,0,2,1,9,87,1,0,0,0,2,6,6,70,8,5,5,4,2,7,1,0,0,25,12,3,0,0,0,0,1,5,5,11,4,2,0,0,0,0,0,14,11,13,1,1,0,0,10,88,4,0,0,0,0,1,64,88,0,0,0,0,0,0,54,164,1,0,0,0,0,0,10,167,30,0,0,0,0
200,178,2,0,0,0,0,10,82,3,0,0,0,0,5,5,3,2,8,1,60,12,4,0,0,0,5,12,180,99,4,0,0,0,2,40,0,0,1,67,81,0,0,0,0,2,25,12,3,0,0,0,98,19,16,0,0,0,0,2,180,84,3,1,0,0,0,13,0,0,0,65,157,0,0,0,0,0,5,5,12,4,2,0,81,1,2,0,0,3,1,12,180,2,0,0,0,0,0,57,0,0,0,15,176,25,0,0,1,0,0,0,17,12,12,1,62,6,0,0,0,3,6,7,180,33,0,0,0,0,1,37
206,49,3,0,122,56,28,0,0,0,0,40,32,4,2,2,0,7,22,16,1,3,10,2,0,2,20,15,1,3,6,0,0,0,0,2,12,28,37,7,16,14,4,3,17,7,6,25,61,131,115,28,111,25,6,4,4,24,96,131,23,5,2,2,1,0,0,12,16,9,8,14,10,6,3,8,10,30,120,131,64,26,7,7,111,131,100,19,4,6,12,22,24,15,1,2,2,12,18,1,46,4,0,0,2,10,7,16,3,2,23,9,2,65,131,12,1,12,19,1,0,86,131,0,0,0,0,0,0,94,131,0
206,49,3,0,103,17,8,2,0,1,14,61,2,7,26,16,7,20,9,1,7,2,2,4,12,11,15,19,0,1,32,50,130,18,2,2,130,54,1,2,21,11,0,11,10,8,9,28,115,130,71,22,122,29,12,9,9,32,72,118,22,10,73,35,11,1,0,3,130,49,1,16,18,1,0,0,8,23,107,130,99,23,5,4,108,130,109,28,6,4,5,20,21,14,6,1,6,5,2,0,130,22,0,1,0,0,0,5,2,1,20,19,2,4,3,2,0,14,22,4,4,1,0,0,0,2,2,4,11,3,0,0
206,49,3,0,6,0,0,0,0,3,1,3,2,2,1,0,0,12,23,5,1,2,2,10,15,1,24,15,0,0,0,73,134,0,0,0,10,3,0,2,20,15,1,3,6,4,4,24,98,134,111,25,100,20,4,5,12,22,112,134,19,1,0,68,134,1,1,12,2,1,0,6,23,16,38,5,7,26,63,134,118,28,17,7,121,134,65,25,7,7,10,29,23,9,2,62,134,11,3,2,38,0,0,0,0,32,121,64,37,8,16,15,4,2,9,23,8,15,10,6,3,8,19,10,0,0,3,13,10,14,41,4
214,160,3,0,1,2,4,7,1,0,0,0,32,36,4,0,0,0,0,4,45,151,74,0,0,2,1,1,2,151,129,3,0,0,0,0,0,11,13,7,6,0,0,0,114,28,8,0,0,0,0,5,151,125,16,0,0,0,0,15,36,59,51,20,0,0,0,1,0,2,4,15,22,0,0,0,114,19,1,1,1,0,0,4,151,19,0,0,0,0,0,108,63,12,9,4,0,0,5,76,0,3,3,15,44,0,0,0,55,9,4,0,0,0,0,17,151,1,0,0,0,0,0,134,58,0,0,0,0,0,6,135
225,241,2,0,0,0,0,3,76,41,0,0,32,23,0,0,19,10,0,0,32,42,3,3,2,0,0,0,23,176,46,5,6,0,0,0,3,4,0,0,74,39,0,0,53,39,0,0,5,3,0,5,96,45,0,0,0,0,1,10,177,177,7,0,0,0,0,8,4,0,0,3,39,30,1,5,35,2,0,0,0,0,3,46,133,9,0,0,0,0,11,46,177,35,0,0,0,0,0,64,0,0,0,47,35,2,1,2,9,0,0,4,3,0,4,37,154,12,0,0,0,0,1,39,177,30,0,0,0,0,0,51
229,233,3,0,10,9,0,0,15,9,0,0,26,29,1,1,1,0,0,0,62,143,53,1,1,0,0,0,15,132,143,0,0,0,0,0,17,7,0,0,7,4,0,8,83,17,0,0,0,0,3,17,143,97,3,0,0,0,0,40,84,48,32,0,0,0,8,63,5,0,0,5,4,1,2,17,112,10,0,0,0,0,2,28,143,20,0,0,0,0,0,68,124,27,0,0,0,0,1,73,2,0,0,7,18,2,0,3,62,0,0,0,0,0,2,44,128,1,0,0,0,0,14,143,141,18,0,0,0,0,57,103
246,156,3,0,19,0,0,0,0,0,0,13,169,20,0,0,0,0,0,33,153,24,2,2,8,20,8,13,3,2,0,1,4,14,34,8,37,14,0,0,0,0,0,1,169,69,0,0,0,0,9,37,123,6,0,0,3,49,79,38,4,0,0,0,3,38,68,20,28,8,0,0,0,0,0,18,133,19,0,0,0,0,99,163,15,0,0,0,0,14,169,74,0,0,0,0,1,58,169,8,8,3,0,0,0,0,0,7,22,7,0,0,0,1,23,34,1,0,0,0,1,13,74,11,0,0,0,1,12,32,54,1
246,156,3,0,0,5,2,0,0,0,0,0,0,11,31,3,0,0,0,0,0,17,60,2,0,0,0,0,0,49,56,1,0,0,0,0,23,35,24,2,0,0,0,0,108,143,147,4,0,0,0,3,15,123,154,2,0,0,0,3,1,120,154,5,0,0,1,1,47,8,5,0,0,0,1,18,154,36,11,0,0,0,0,68,86,44,55,0,0,0,9,76,14,18,40,4,1,2,19,33,20,0,0,0,0,2,12,25,154,0,0,0,0,0,4,134,101,14,0,0,0,0,5,74,39,14,1,0,0,0,2,20
251,44,3,0,0,0,0,0,0,0,0,0,0,0,0,0,0,0,0,0,0,0,9,38,4,0,0,0,0,0,44,165,12,0,0,0,17,13,7,2,0,0,0,3,165,44,4,1,0,0,0,91,47,4,6,49,10,0,0,16,0,1,24,123,4,0,0,0,24,102,165,126,0,0,0,14,165,165,105,10,0,0,0,28,52,36,12,11,3,2,0,4,0,3,19,30,5,0,0,0,49,18,66,27,0,0,3,165,14,79,44,1,0,0,0,13,9,21,6,2,0,1,3,4,1,2,4,22,6,0,1,3
7,218,3,1,6,18,76,17,11,36,54,18,51,50,42,10,7,10,45,76,32,4,2,16,33,12,15,128,56,0,0,0,2,12,214,214,0,11,67,8,10,35,0,0,12,19,36,13,32,148,80,38,94,26,7,6,16,13,68,86,29,14,8,5,43,58,47,37,0,0,0,0,1,7,0,0,12,15,25,24,14,34,9,7,141,42,17,6,5,16,53,69,18,14,5,4,51,64,29,16,0,0,0,0,0,0,0,0,0,0,1,0,0,0,2,0,15,19,1,0,0,3,37,31,23,42,3,0,8,40,16,12
7,218,3,0,0,0,0,0,0,0,0,0,0,0,0,10,7,1,21,14,11,9,19,123,100,12,37,32,124,48,25,26,33,5,6,41,0,0,0,0,0,0,0,0,10,7,9,12,30,20,62,49,124,33,27,27,17,13,73,112,54,54,30,11,16,26,21,12,13,2,2,0,1,0,0,6,73,78,95,28,23,4,4,24,79,117,107,22,6,11,18,20,124,124,18,6,2,17,16,9,11,8,33,22,0,0,5,5,76,31,39,9,0,1,26,48,7,12,17,15,7,31,113,39,124,82,6,3,1,3,36,124
9,103,4,0,73,0,4,16,6,0,0,72,148,0,0,0,0,0,0,148,22,0,0,0,0,0,0,17,0,0,0,0,0,0,0,0,37,20,49,32,24,2,0,11,148,68,10,2,0,0,0,76,97,9,0,2,0,0,0,14,0,0,0,0,0,0,0,0,9,43,148,67,9,22,4,0,148,51,45,31,8,18,9,62,111,3,0,5,2,0,0,36,0,0,0,1,1,0,0,0,0,17,34,14,10,148,65,0,120,82,37,8,9,70,29,83,122,28,1,2,1,0,0,52,1,0,0,4,2,0,0,0
22,16,3,0,47,0,0,0,0,0,0,4,128,0,0,0,0,0,0,12,143,6,0,0,0,0,0,7,143,34,0,0,0,0,0,10,39,7,1,0,0,0,0,15,107,17,0,0,0,0,0,62,143,15,0,0,0,0,0,51,143,13,0,0,0,0,0,53,12,17,5,0,0,0,5,11,92,84,2,0,0,0,1,42,143,100,1,0,0,0,0,37,143,64,0,0,0,0,0,5,13,14,5,0,0,0,5,15,77,17,1,0,0,0,1,59,143,6,0,0,0,0,0,71,143,62,0,0,0,0,0,17
32,29,3,2,25,4,0,0,0,0,0,0,57,5,0,0,0,0,0,0,33,17,0,0,0,0,0,0,238,31,0,0,0,0,0,0,35,1,0,0,0,0,0,1,82,9,0,0,0,0,0,1,43,15,0,0,0,0,0,1,238,14,0,0,0,0,0,2,33,1,0,0,0,0,0,9,79,1,0,0,0,0,0,10,52,7,0,0,0,0,0,11,238,25,0,0,0,0,0,0,18,19,0,0,0,0,0,3,51,13,0,0,0,0,0,1,51,11,0,0,0,0,0,2,238,10,0,0,0,0,0,9
49,136,3,0,0,0,15,29,100,9,0,0,0,5,57,54,60,3,0,0,2,48,38,24,11,0,0,0,6,84,55,18,2,0,0,0,0,1,40,34,22,24,71,14,17,6,54,47,90,100,31,5,116,116,53,10,19,14,2,8,11,110,101,35,53,17,0,1,0,1,1,0,30,84,116,12,37,2,5,0,11,105,99,25,116,30,3,0,1,9,63,116,16,11,7,3,59,116,108,51,2,4,2,0,35,26,4,3,9,12,19,9,0,1,5,15,9,31,44,7,0,0,42,68,1,4,45,23,2,42,82,23
57,12,3,1,6,9,0,0,0,0,0,0,120,71,0,0,0,0,0,7,138,89,0,0,0,0,0,3,118,89,0,0,0,0,0,0,26,16,0,0,0,0,0,2,138,43,3,0,0,0,0,27,138,19,0,0,0,0,0,57,138,29,0,0,0,0,0,26,17,50,2,0,0,0,0,0,53,138,20,0,0,0,0,2,138,86,3,0,0,0,0,12,138,29,0,0,0,0,1,24,45,21,0,0,0,0,0,0,86,52,0,0,0,0,0,0,138,72,0,0,0,0,0,0,106,71,2,0,0,0,0,0
59,149,3,0,0,0,0,0,0,0,81,122,19,0,0,0,0,0,49,122,18,0,0,0,0,2,22,72,1,0,0,1,2,3,10,16,4,3,1,0,0,0,48,96,24,3,0,1,1,0,122,122,116,25,0,0,1,4,37,122,11,4,0,0,2,12,39,24,3,34,17,9,9,4,2,2,109,17,5,10,19,3,8,39,122,65,0,0,28,26,22,112,6,4,0,0,66,73,101,24,4,26,20,39,50,12,1,0,29,97,106,9,9,6,0,17,38,15,101,48,11,11,45,122,0,0,1,10,53,59,60,14
67,157,3,0,55,13,1,0,0,1,1,9,155,2,0,0,0,0,0,48,95,2,0,2,1,2,5,36,5,4,8,18,16,43,18,4,52,10,14,10,3,1,0,4,155,11,0,0,0,0,0,28,147,49,7,4,0,0,0,13,27,43,55,40,9,1,0,1,24,42,27,9,9,23,8,6,155,100,32,0,0,1,0,31,155,63,5,0,0,0,0,9,36,16,19,2,0,4,18,17,79,155,55,28,11,4,6,6,58,155,132,0,1,10,34,14,55,35,8,0,0,0,4,19,15,3,0,0,2,7,4,5
100,107,4,0,17,1,0,2,5,12,118,65,59,35,34,12,5,2,14,70,12,46,14,6,21,8,0,5,0,1,6,41,69,72,24,9,65,46,1,0,3,12,27,44,118,45,0,0,0,5,4,90,29,1,0,11,9,28,66,34,0,0,37,118,25,3,30,34,118,34,0,0,0,0,0,14,118,43,2,10,20,20,4,11,8,2,15,61,60,101,92,43,0,0,10,18,0,3,94,118,110,17,0,0,0,0,0,17,118,20,9,15,5,0,5,70,5,4,72,118,15,1,5,26,1,1,71,115,0,0,8,35
104,143,3,0,27,0,0,0,0,0,12,117,16,4,7,5,2,14,126,91,3,18,30,7,2,40,127,8,1,22,52,0,0,26,98,3,47,1,0,0,0,0,13,57,127,70,44,7,1,1,6,38,20,119,127,11,1,2,6,18,1,66,127,10,7,2,2,2,56,41,20,1,0,0,0,4,127,44,10,0,0,0,16,108,31,28,23,0,0,0,70,127,1,5,15,6,10,26,92,34,2,77,113,0,0,0,0,0,17,58,90,2,0,0,1,14,28,25,15,1,0,0,11,40,6,6,7,0,0,6,38,13
124,187,3,0,44,21,3,13,32,27,8,11,52,11,2,36,139,6,1,28,131,6,0,2,11,5,4,138,9,5,5,6,35,17,5,22,57,29,8,20,23,6,2,18,45,9,1,43,139,4,1,14,139,17,0,5,33,1,1,60,58,37,13,4,5,1,1,13,88,10,2,6,12,9,3,31,48,6,1,30,139,22,1,8,139,29,0,7,41,2,0,7,106,32,7,12,3,0,0,0,76,27,5,19,10,1,0,5,26,9,3,56,139,9,0,5,139,7,2,11,35,1,0,42,111,19,5,11,7,0,0,22
124,187,3,0,9,1,0,9,87,26,7,15,23,1,0,32,144,22,1,5,144,13,0,4,31,9,2,43,19,2,0,4,57,30,5,18,5,0,0,0,87,44,9,12,37,3,0,1,144,57,0,4,144,37,1,5,52,9,1,18,15,10,2,20,93,19,3,7,6,2,1,16,59,37,15,3,42,3,1,52,144,29,0,4,144,13,1,10,46,13,2,23,20,8,3,21,58,29,6,17,34,24,6,28,18,3,3,4,22,5,3,117,144,12,0,2,144,9,2,18,47,18,2,24,29,29,8,8,39,29,5,13
139,148,3,1,42,0,0,0,64,108,86,64,79,0,0,0,0,20,103,108,5,2,0,0,29,50,78,24,38,26,0,0,14,8,1,1,47,10,11,49,51,48,3,27,65,16,26,12,1,27,108,100,105,24,5,2,0,13,69,92,74,31,0,0,0,0,1,5,31,80,35,64,67,4,0,1,27,105,108,93,2,3,6,5,93,97,77,25,4,1,2,12,62,13,0,0,0,0,1,14,108,49,2,1,54,15,0,1,75,52,59,52,16,0,0,0,18,7,32,33,71,2,0,4,31,3,0,0,1,1,3,11
139,148,3,0,0,0,5,1,0,2,49,17,0,0,0,0,0,9,79,18,0,0,0,0,1,22,58,6,0,2,7,1,3,12,32,3,0,1,39,43,59,15,13,4,5,1,0,14,61,91,108,20,83,26,4,1,2,15,87,94,45,50,66,0,0,3,9,7,0,0,1,39,108,103,38,0,19,7,1,45,108,105,49,13,108,62,1,5,7,8,35,108,55,35,3,0,0,0,108,51,0,0,46,73,108,90,34,0,8,29,64,43,7,53,51,6,30,92,51,1,0,2,25,65,1,8,103,9,0,3,100,22
145,172,3,0,66,18,0,6,109,22,0,1,125,72,2,2,1,0,0,0,14,18,10,28,34,1,0,0,34,1,1,22,60,29,29,22,92,14,6,23,123,9,0,14,125,56,5,5,3,0,0,33,23,15,7,39,73,15,0,1,0,0,7,46,125,70,17,1,23,35,71,58,42,13,14,16,125,95,26,1,8,3,9,70,28,3,0,3,124,43,1,10,19,24,47,47,109,25,0,1,4,3,4,13,45,30,36,19,73,7,1,0,5,6,26,125,21,0,0,6,84,35,4,38,124,53,14,10,37,18,0,2
154,193,3,1,2,20,3,25,118,30,5,0,12,24,21,58,113,21,1,0,88,101,41,3,2,1,0,0,54,66,16,2,0,5,11,34,1,2,0,13,88,118,85,20,39,27,45,64,20,13,52,66,44,98,33,4,6,40,9,3,17,6,0,0,12,54,24,39,24,39,0,0,87,118,14,13,118,118,5,1,14,15,15,52,19,13,8,2,15,78,24,7,7,1,1,0,12,83,14,6,43,118,6,0,7,50,2,1,53,83,4,1,15,42,17,4,8,11,9,3,23,113,14,0,0,0,1,0,8,118,51,0
176,178,3,0,10,4,0,0,4,26,72,28,0,0,0,4,4,3,85,93,5,0,5,20,25,7,17,31,2,0,3,22,17,6,8,41,0,0,15,56,26,14,12,7,15,5,6,14,22,13,59,86,125,17,10,18,3,2,19,97,15,3,10,69,46,30,4,2,0,1,20,78,68,8,0,0,30,49,10,31,73,19,14,15,125,74,2,1,1,72,95,39,13,0,0,6,22,125,109,4,0,4,23,82,43,28,6,1,6,3,0,54,106,120,48,11,6,2,0,0,3,125,125,16,0,0,0,0,0,125,76,1
180,142,4,0,23,40,7,2,0,0,1,3,83,50,11,12,3,0,1,56,53,18,9,3,0,0,8,57,7,1,11,10,1,1,14,15,126,65,12,12,4,0,0,5,105,23,18,89,96,7,2,41,126,34,40,20,8,0,0,49,14,7,71,84,4,1,4,3,102,84,6,9,5,9,6,7,71,46,28,23,86,54,12,10,126,119,9,4,12,1,0,7,29,10,14,30,53,26,2,0,74,74,40,23,2,1,3,10,11,112,126,24,3,4,2,6,50,126,37,3,8,7,0,0,4,3,0,15,80,99,16,0
190,206,3,0,0,1,3,9,6,0,0,0,53,60,8,1,0,0,0,1,59,124,143,6,0,0,0,1,0,10,149,48,0,0,0,0,1,1,1,21,33,0,0,0,149,13,0,0,0,0,0,21,149,65,34,3,0,0,0,26,10,16,119,38,4,0,0,0,1,0,0,4,72,8,0,1,149,5,0,0,0,0,0,10,149,47,4,0,0,3,7,34,24,13,18,10,25,26,18,5,0,0,0,0,41,9,1,1,86,2,0,0,0,0,2,31,149,11,0,0,0,2,38,140,6,1,0,1,1,18,92,45
193,169,3,0,0,0,5,15,21,0,0,0,97,28,5,0,0,0,0,1,158,120,13,16,4,0,0,2,10,22,27,73,34,1,3,9,0,0,1,11,50,5,1,0,158,6,1,0,0,1,1,6,158,29,7,12,1,0,3,29,33,11,59,97,8,10,17,12,1,0,0,0,42,25,3,2,158,15,0,0,0,0,2,8,158,20,0,0,0,0,16,77,16,1,2,3,1,16,69,41,1,0,0,0,12,11,5,2,109,4,0,0,0,0,2,31,107,5,4,2,0,0,57,137,33,13,6,0,0,0,39,126
219,248,3,0,0,0,7,154,127,0,0,1,25,3,11,37,1,0,0,60,47,6,0,0,0,0,2,54,0,0,0,0,0,0,0,0,0,0,4,154,154,4,0,0,35,3,6,60,68,4,0,2,154,15,0,1,4,0,0,7,5,1,0,0,0,0,0,0,0,0,0,44,154,154,8,0,34,2,0,5,125,19,1,3,154,12,0,0,6,0,0,45,18,1,0,0,0,0,0,10,2,2,2,3,27,135,16,5,16,5,1,7,53,14,1,4,96,8,0,0,2,0,0,47,15,0,0,0,0,0,0,21
223,28,4,2,24,15,6,1,0,0,0,8,202,62,4,0,0,0,0,2,130,15,11,1,0,0,2,4,1,4,10,4,5,0,0,1,50,18,9,2,2,0,2,37,202,50,3,0,0,0,1,47,141,17,5,3,0,0,2,6,6,3,2,2,6,0,0,1,43,11,6,2,2,0,0,4,202,20,0,1,1,0,0,15,139,6,0,0,0,2,3,18,4,1,1,0,2,19,26,8,39,8,2,1,1,0,0,3,202,33,1,0,0,0,3,18,91,9,0,0,13,9,25,13,10,10,10,20,59,59,40,20
9,103,4,0,89,0,4,14,4,0,0,81,148,0,0,0,0,0,0,148,23,0,0,0,0,0,0,15,0,0,0,0,0,0,0,0,50,24,58,33,18,0,0,13,148,59,10,0,0,0,0,68,114,6,0,0,0,0,0,13,0,0,0,0,0,0,0,0,8,41,148,52,10,21,3,0,148,57,38,18,6,14,6,58,132,3,0,0,0,0,0,39,0,0,0,0,0,0,0,0,0,17,29,13,10,135,47,0,120,83,26,4,5,49,19,67,135,26,0,1,0,0,0,45,2,0,0,2,1,0,0,1
23,17,4,0,11,2,0,0,0,0,0,0,69,7,0,0,0,0,0,2,132,9,0,0,0,0,0,1,175,16,0,0,0,0,0,6,12,1,0,0,0,0,0,3,75,4,0,0,0,0,0,19,170,5,0,0,0,0,0,19,175,6,0,0,0,0,0,18,5,3,0,0,0,0,0,3,65,22,0,0,0,0,0,16,153,28,0,0,0,0,0,12,175,81,0,0,0,0,0,11,3,2,0,0,0,0,0,2,37,4,0,0,0,0,0,14,100,3,0,0,0,0,0,17,175,175,0,0,0,0,0,1
22,66,4,0,2,0,0,0,0,0,40,63,1,0,1,1,0,5,25,11,0,0,0,6,2,3,20,5,0,0,0,2,14,35,0,0,117,19,0,0,16,12,39,103,32,2,0,0,42,117,95,38,59,2,0,0,12,28,93,106,6,0,0,0,102,103,2,8,117,53,0,0,43,19,0,1,61,15,0,0,117,99,7,5,117,48,0,0,36,20,7,26,13,1,0,0,117,54,0,2,114,12,0,0,37,36,10,23,78,12,0,0,105,79,3,6,117,33,0,0,38,18,0,4,2,0,0,0,110,40,0,0
22,66,4,0,74,6,9,44,43,0,0,18,77,6,2,85,109,0,0,13,118,5,0,36,56,0,0,31,50,0,1,48,101,1,0,19,118,0,0,17,35,0,0,45,53,7,6,100,118,0,0,15,118,29,6,33,48,0,0,45,27,8,33,103,118,1,0,15,118,3,1,7,5,0,0,47,44,28,84,116,45,0,0,6,59,118,86,27,5,0,0,2,5,16,93,68,9,0,0,0,118,29,0,0,0,0,0,7,46,13,17,3,0,0,2,6,0,13,15,0,0,0,2,3,0,1,4,0,0,1,1,0
23,89,4,0,7,0,0,0,0,0,56,118,1,0,0,0,0,0,41,104,0,0,1,0,0,0,20,24,0,0,1,1,0,0,5,1,47,98,14,3,2,0,7,88,21,19,11,11,33,13,108,118,74,4,0,0,4,11,70,118,7,0,0,0,9,58,75,22,81,118,15,7,28,4,0,0,43,34,11,21,118,22,5,6,118,50,0,1,40,21,3,23,34,5,0,0,112,87,22,12,101,16,0,0,39,26,7,20,66,9,0,0,110,59,3,7,118,22,0,0,49,24,1,5,44,8,0,0,104,42,0,0
23,89,4,0,0,32,112,20,20,10,1,0,47,46,119,47,5,1,0,1,119,61,6,2,0,0,0,7,23,3,0,0,0,0,0,1,0,46,75,9,1,66,63,0,23,17,48,39,18,119,48,17,119,34,5,2,1,10,9,75,41,1,0,1,1,0,0,8,6,75,39,0,0,55,94,3,7,119,119,2,0,46,30,2,92,119,43,0,0,9,36,26,30,6,0,1,0,0,7,29,21,98,32,0,0,17,48,16,0,44,35,0,0,80,107,0,18,30,14,0,0,53,119,47,55,14,1,0,0,0,16,76
35,214,5,0,4,1,1,2,1,0,0,4,144,88,0,0,0,0,0,0,144,105,2,0,0,0,2,3,4,6,4,8,5,1,4,3,15,7,1,1,0,0,1,3,144,81,0,0,0,0,3,29,144,25,0,0,0,12,76,55,0,0,0,0,3,18,126,20,12,5,1,0,0,1,3,7,121,10,0,0,0,0,72,144,23,1,0,0,0,30,144,143,0,0,0,0,0,75,144,26,4,2,2,0,0,0,3,6,1,3,8,4,0,0,18,14,0,0,4,10,0,1,73,34,0,0,2,2,0,20,77,8
49,78,4,0,56,56,3,1,29,37,1,4,45,48,3,1,72,61,0,1,82,69,0,0,33,55,2,3,37,18,0,0,29,68,31,21,38,4,3,3,15,93,69,47,108,46,0,0,16,65,16,31,56,31,0,0,71,108,8,6,91,77,0,0,28,40,0,0,8,3,101,102,1,13,24,11,65,3,48,57,1,21,55,85,59,6,7,12,15,108,74,37,108,37,0,0,10,25,8,40,13,3,43,52,2,6,34,25,8,1,104,108,0,3,7,9,19,3,98,108,1,5,8,16,38,8,32,16,3,12,10,64
49,78,4,0,16,23,10,4,0,49,75,3,1,6,15,10,1,100,109,0,6,15,8,6,4,109,109,1,7,30,40,20,6,55,32,0,6,7,36,40,5,79,88,1,60,91,56,26,1,39,60,3,47,39,70,109,14,13,15,3,106,54,38,44,11,0,1,22,22,12,59,109,28,0,0,5,109,31,12,64,21,0,0,46,57,6,9,109,81,0,0,26,85,0,1,32,35,3,1,76,43,0,0,47,39,0,0,31,62,2,1,70,67,0,0,41,85,4,2,57,50,0,0,46,17,12,35,59,43,3,2,32
48,101,4,0,10,58,70,29,22,10,1,2,28,85,26,42,25,7,0,0,23,109,42,8,47,19,1,5,48,27,5,4,42,19,21,47,26,12,9,5,25,92,80,47,109,60,1,3,22,52,19,31,51,40,2,0,92,109,8,8,99,83,0,0,37,35,0,1,11,8,54,53,2,16,39,22,72,5,48,27,1,23,59,102,60,6,10,11,17,109,76,44,109,30,0,0,15,49,26,42,46,14,18,15,0,2,28,47,48,30,109,59,0,1,8,11,13,1,109,109,0,5,11,18,15,0,41,49,1,26,50,40
48,101,4,0,6,32,20,14,5,56,75,1,0,5,15,57,33,108,59,0,7,25,25,15,8,54,69,2,6,38,56,20,15,30,10,0,8,18,39,34,2,77,106,0,65,99,68,30,1,49,47,4,45,47,78,108,19,10,10,4,96,70,39,29,18,15,8,31,48,36,54,108,30,0,0,8,108,31,17,67,26,0,0,51,50,7,9,108,108,4,1,30,23,1,0,20,52,35,53,48,76,0,0,45,42,0,0,40,48,1,2,68,81,1,0,57,34,3,6,15,88,44,11,61,0,1,15,17,74,33,15,0
61,56,4,0,0,0,84,14,0,0,0,0,1,6,48,20,2,0,0,0,15,54,52,1,0,0,0,1,1,11,131,4,0,0,0,0,0,0,109,32,9,25,74,1,17,2,40,42,66,132,29,13,132,42,16,1,4,21,14,41,26,15,68,1,3,27,41,7,0,0,42,38,3,61,132,2,76,11,5,35,19,132,61,9,132,49,1,7,16,15,5,13,27,14,18,41,67,54,35,14,0,0,90,82,24,26,36,0,85,20,11,89,73,31,4,0,132,49,1,8,4,6,2,1,12,12,35,44,11,16,25,7
72,63,4,0,2,4,67,22,19,14,2,2,76,57,32,3,5,9,6,27,18,34,124,0,0,12,21,5,0,4,118,0,0,2,17,12,12,0,17,17,50,145,55,7,145,5,1,3,18,46,12,52,65,12,15,36,65,76,52,21,65,30,11,6,9,13,40,60,23,3,58,114,38,56,23,1,145,15,3,22,13,9,1,5,75,19,53,71,28,26,23,7,31,62,38,12,4,4,16,22,17,0,16,36,54,100,41,2,145,4,0,7,22,19,2,8,58,8,7,25,61,62,35,16,65,23,4,4,10,9,24,47
84,61,4,0,28,86,53,0,0,0,0,6,2,77,115,0,0,8,14,1,0,46,108,0,0,3,19,10,0,25,49,0,10,51,17,1,115,18,4,1,10,15,9,106,22,11,12,18,56,106,70,25,77,20,5,5,8,21,72,97,14,3,15,63,86,51,7,7,115,1,2,5,10,13,4,103,68,19,68,102,52,18,5,22,71,110,65,19,4,7,17,22,15,12,19,43,16,14,3,5,115,1,5,24,15,3,0,64,97,1,11,11,28,52,13,43,30,12,11,7,19,53,79,61,33,3,0,15,38,13,6,34
84,61,4,0,4,2,129,40,0,2,14,16,1,1,129,73,2,9,7,2,10,23,129,36,0,1,8,26,7,19,81,43,20,3,4,11,80,33,25,7,10,13,28,69,15,5,35,28,64,110,59,19,73,17,60,14,8,17,61,89,15,2,29,30,129,6,0,5,25,62,52,17,10,1,5,7,7,19,65,119,67,20,9,3,78,104,68,21,13,4,6,17,16,9,0,0,129,26,0,0,36,2,2,1,7,19,24,55,5,0,11,12,13,71,81,29,29,13,14,2,18,4,28,57,2,1,0,0,129,27,0,0
84,61,4,0,65,22,20,6,0,0,15,96,16,18,13,7,17,13,15,7,3,12,42,76,68,32,15,7,47,60,41,12,18,31,5,9,51,81,56,8,12,10,2,9,15,8,4,17,56,112,70,19,64,19,26,19,8,25,63,105,9,11,23,4,83,112,1,8,0,3,10,15,15,2,40,66,4,17,70,112,59,21,13,15,62,82,61,17,43,65,5,19,8,6,8,2,112,112,2,3,0,0,0,0,0,0,64,112,0,0,13,9,0,3,95,105,0,3,14,6,80,92,44,15,6,59,49,15,72,53,0,4
84,61,4,0,38,58,81,84,3,0,0,19,67,60,16,2,0,6,17,15,1,7,13,14,43,38,18,7,12,17,15,27,40,68,49,12,6,12,35,22,19,10,0,39,6,17,9,20,60,110,78,19,67,18,9,28,21,20,69,105,16,28,71,63,18,41,7,5,27,0,0,11,15,1,0,124,5,19,59,124,61,22,5,26,67,93,51,17,5,92,28,19,13,4,2,2,1,124,67,2,14,0,0,0,0,0,1,124,3,0,8,11,5,57,43,104,0,5,27,12,28,124,30,0,19,7,54,18,6,124,28,1
83,85,4,0,129,2,2,11,8,2,0,30,26,26,65,71,28,14,9,5,45,71,29,7,3,2,8,13,2,3,28,51,18,17,6,0,129,1,1,5,11,8,1,45,41,4,13,18,50,95,57,23,72,16,6,3,8,18,59,94,13,1,5,29,80,55,12,7,129,1,1,8,9,7,2,51,57,13,22,85,74,39,20,17,105,75,21,17,8,8,22,49,19,6,21,58,26,10,9,14,114,1,1,10,18,13,16,78,21,0,1,5,14,129,106,40,27,2,1,1,1,26,103,129,13,0,1,4,17,39,24,80
99,107,4,0,20,3,0,0,4,12,122,71,59,32,26,11,10,4,24,74,22,67,19,4,21,9,0,4,1,2,1,23,59,70,32,7,69,31,0,0,5,24,36,37,122,35,0,0,0,3,6,83,41,2,0,11,15,19,69,38,0,0,23,122,39,6,29,25,122,28,0,0,0,3,1,3,122,43,2,10,13,14,4,6,11,2,11,60,48,74,98,37,0,0,10,23,1,3,82,122,122,16,0,0,0,0,0,10,122,15,7,12,3,0,4,83,7,5,56,122,12,1,5,37,0,2,54,111,1,0,7,41
110,85,4,0,12,84,56,0,0,1,5,22,3,38,37,46,4,9,11,2,10,38,82,37,3,1,12,6,9,22,13,34,29,6,1,1,122,15,0,0,11,16,15,69,20,2,1,1,56,122,73,21,60,3,5,1,4,21,80,110,10,1,3,8,9,52,34,16,122,59,0,0,47,13,0,1,40,12,0,1,122,80,8,5,122,50,0,0,30,15,8,27,28,5,0,0,122,99,20,9,98,30,0,0,60,17,0,0,49,18,0,1,122,38,0,0,122,52,0,0,38,8,0,0,18,12,0,4,122,28,0,0
110,85,4,0,87,0,0,18,62,0,0,29,56,0,0,35,122,0,0,23,122,0,0,9,44,0,0,56,22,0,0,27,122,1,1,10,122,4,0,15,50,0,0,54,42,6,7,76,122,0,0,15,122,26,6,15,34,0,0,54,29,6,12,91,122,0,0,6,104,80,26,18,10,0,0,7,13,26,82,118,50,0,1,0,70,117,68,18,5,2,6,4,10,12,19,70,32,31,2,0,4,24,14,1,0,6,33,26,2,3,14,7,16,44,22,9,4,9,10,1,6,33,97,31,2,1,0,3,50,97,21,11
113,60,5,0,6,18,40,17,2,8,27,18,6,14,24,43,21,13,13,7,23,45,49,24,12,5,12,12,8,8,0,0,111,18,0,0,97,9,0,0,33,31,41,57,40,2,0,1,81,104,51,33,103,5,3,1,25,24,50,90,11,0,0,0,126,23,0,3,126,34,0,1,61,7,0,0,68,22,0,8,126,36,2,4,126,50,0,3,48,9,2,13,17,2,0,0,126,25,0,0,126,16,0,0,43,12,0,2,61,9,0,1,126,36,0,4,126,26,0,0,37,8,0,3,6,1,0,0,126,23,0,0
113,60,5,0,127,0,0,4,30,0,0,11,48,3,0,33,127,2,0,6,127,2,0,11,61,1,0,18,58,3,0,18,117,0,0,6,127,0,0,3,29,0,0,20,49,4,2,34,127,10,0,15,127,13,2,11,76,4,0,41,63,5,3,23,127,0,0,10,127,0,0,4,9,0,0,22,35,19,44,107,91,1,1,5,90,95,50,37,22,0,2,5,20,28,56,69,48,1,3,1,127,0,0,0,1,0,0,12,30,2,9,13,28,39,25,7,20,15,12,4,7,18,48,52,5,3,10,9,20,39,35,13
111,109,4,0,3,77,65,4,1,0,0,0,0,99,121,1,0,0,1,1,16,121,85,1,0,0,1,6,7,40,34,43,7,5,3,1,96,106,23,6,21,3,0,0,16,47,43,6,82,56,29,20,88,28,11,0,9,20,28,89,11,6,7,4,22,65,45,15,121,43,0,1,39,7,1,4,46,15,1,4,121,44,4,4,121,45,0,1,51,14,3,15,35,6,0,0,121,54,11,7,68,7,0,0,15,19,20,65,51,10,0,2,97,58,12,7,121,34,0,1,50,9,0,1,34,8,0,1,121,19,0,0
111,109,4,0,125,1,0,4,31,0,0,13,35,4,1,18,125,3,0,4,125,36,18,18,24,1,0,11,13,7,14,62,93,0,0,0,125,7,1,4,41,0,0,20,52,4,3,27,125,4,0,8,125,11,3,6,47,4,2,31,30,0,0,5,125,11,1,6,68,73,39,18,13,1,1,2,19,18,30,102,77,17,2,0,75,40,33,23,14,60,29,9,11,0,0,0,85,115,25,6,3,10,11,1,3,17,48,25,0,1,2,7,33,125,28,4,0,0,2,2,5,125,86,0,0,0,0,0,1,99,36,0
110,134,4,2,125,35,11,9,20,2,0,2,15,9,12,59,125,11,0,0,65,68,34,14,31,2,0,0,10,26,60,26,8,0,0,0,125,25,4,1,34,11,2,5,35,2,0,0,125,62,1,4,125,34,3,2,33,14,2,9,24,12,8,18,52,35,5,3,47,28,15,5,12,78,56,7,19,2,0,0,111,125,40,10,118,7,0,0,12,30,85,79,17,0,0,0,6,77,69,24,0,0,0,0,0,104,100,0,0,0,0,0,1,101,76,3,10,0,0,0,0,17,98,56,85,3,0,0,0,4,32,40
110,134,4,0,0,3,42,55,58,0,0,0,1,55,79,13,1,0,0,0,9,127,36,0,0,0,0,0,2,127,48,0,2,4,6,2,4,84,84,36,18,0,0,0,21,41,105,84,76,0,0,2,127,119,16,10,16,0,0,7,23,41,15,23,106,30,16,6,55,58,9,9,14,2,3,13,26,12,4,58,127,8,3,4,127,4,0,13,35,0,0,34,55,1,1,48,127,2,0,9,18,0,0,2,7,11,30,31,6,0,0,4,95,56,43,8,114,0,0,2,26,13,14,94,26,0,0,9,76,30,31,43
150,84,4,1,6,25,40,12,2,4,20,23,4,14,33,50,18,9,14,6,17,51,75,28,7,2,11,10,7,16,27,55,35,7,2,1,104,6,0,0,19,28,38,79,31,1,1,0,69,109,67,34,83,4,4,1,12,30,62,107,9,1,5,6,21,68,45,24,124,42,0,4,50,9,0,3,63,20,0,5,124,48,3,5,124,51,0,2,67,19,3,18,33,5,0,2,124,69,14,21,124,21,0,0,42,10,0,2,61,14,0,1,124,29,0,0,124,36,0,1,66,11,0,0,27,22,3,5,124,18,0,1
150,84,4,0,125,1,0,8,42,1,0,24,56,0,0,30,125,3,0,12,125,0,0,10,60,1,0,34,45,1,0,22,125,3,0,14,125,8,3,13,37,3,1,41,64,5,4,49,125,8,0,18,125,17,4,19,62,4,0,45,47,10,8,61,125,2,0,10,85,73,43,34,11,0,0,3,31,30,62,116,72,1,1,1,79,98,73,33,13,0,4,3,12,21,52,81,28,4,3,0,7,14,15,5,2,21,43,29,6,4,11,10,19,48,32,18,15,9,14,3,8,28,79,51,7,1,4,8,27,51,26,15
150,121,4,0,39,0,0,30,13,5,19,113,7,0,2,97,88,26,30,37,43,1,3,29,26,2,6,113,25,0,9,113,35,0,0,61,13,0,3,13,34,34,64,77,99,36,25,28,21,20,66,57,56,45,105,112,10,1,1,44,95,46,30,22,1,0,1,44,11,43,91,34,10,19,5,7,113,108,65,17,0,0,1,36,62,40,72,34,5,5,4,6,9,28,25,4,26,55,37,8,28,64,41,7,0,0,0,10,15,95,48,2,2,54,15,3,8,12,1,0,7,53,113,21,3,1,1,17,73,52,46,19
151,134,4,0,5,19,73,46,24,16,15,5,43,119,43,2,1,2,19,40,38,86,8,3,1,1,14,29,1,2,11,51,30,35,1,2,3,1,7,14,57,119,52,16,31,20,1,0,4,24,119,119,111,14,0,0,3,1,72,119,19,0,0,17,119,64,2,12,1,4,30,74,41,52,21,0,69,119,14,13,11,10,29,25,119,98,2,0,1,0,6,57,34,0,0,62,94,7,11,21,1,3,24,57,84,6,0,0,82,52,34,17,13,0,0,10,66,14,5,0,0,0,31,53,4,0,2,6,9,19,85,21
151,134,4,0,6,0,0,45,67,32,12,36,21,1,0,1,10,22,123,119,43,33,31,45,35,22,41,19,38,21,59,73,6,0,1,47,0,16,25,16,47,98,18,0,75,21,66,39,11,14,25,47,123,72,32,14,0,0,2,59,31,34,111,60,1,0,0,2,5,71,68,39,11,4,0,0,17,123,123,38,0,0,0,1,94,123,71,2,0,10,7,8,26,15,8,2,8,16,45,7,26,16,5,16,10,0,0,15,62,63,12,0,1,10,4,39,4,29,9,0,13,123,34,3,1,3,0,0,2,69,123,31
178,136,4,0,63,23,3,1,0,2,1,9,90,17,8,8,0,0,3,103,45,25,52,8,0,0,7,33,0,2,37,30,6,1,13,8,118,26,7,5,0,0,0,20,118,21,16,55,38,5,2,65,118,32,27,13,14,1,0,74,11,2,22,40,97,48,4,0,118,45,2,0,0,0,0,6,89,118,71,10,19,6,3,11,118,118,19,7,21,2,0,7,9,3,14,93,118,54,4,0,80,100,7,4,0,0,1,3,76,68,29,11,3,3,34,83,50,48,6,5,6,13,7,61,0,0,10,56,29,67,30,0
180,59,4,1,59,3,2,2,4,2,21,57,11,17,15,6,13,13,21,4,2,4,37,92,112,6,16,8,0,2,115,81,23,0,0,0,115,18,0,1,17,8,0,10,17,5,5,17,92,115,77,22,79,19,22,18,11,23,73,115,12,1,65,20,30,70,47,17,115,33,0,11,16,1,0,0,11,21,83,115,85,18,6,4,76,115,83,29,17,6,5,20,13,19,45,90,85,37,14,7,115,20,0,1,9,20,1,1,5,2,16,10,14,62,71,29,18,14,18,4,1,9,28,61,0,3,28,26,3,24,42,10
180,59,4,0,0,45,116,0,0,1,0,0,0,54,116,0,0,9,16,0,9,65,102,1,1,1,20,8,15,16,11,10,11,11,15,7,18,8,33,2,17,14,27,46,5,7,21,20,81,116,86,16,85,23,9,4,6,21,93,112,21,5,11,16,9,40,36,12,88,60,8,13,15,1,7,34,7,22,78,116,83,24,8,3,72,116,76,21,20,10,20,25,12,8,0,19,116,96,34,3,22,27,7,1,3,1,31,48,4,2,12,24,66,77,26,5,39,18,14,9,24,44,87,82,18,2,0,34,116,4,2,20
180,59,4,0,8,41,40,11,2,2,16,11,2,11,49,70,15,14,17,2,20,64,53,13,9,2,16,11,5,7,0,3,121,4,0,1,64,18,5,4,12,20,56,97,13,4,6,20,76,121,85,26,85,17,6,4,15,19,84,120,16,1,0,2,121,6,0,10,52,81,50,18,12,3,45,14,13,22,74,119,77,19,24,13,93,110,82,20,15,4,5,18,18,7,2,26,121,0,0,1,6,2,3,0,0,5,121,41,87,2,14,8,1,2,76,110,22,12,22,4,10,20,12,9,8,4,23,41,33,2,5,5
180,59,4,0,121,34,4,3,4,0,0,7,41,16,56,83,49,18,12,4,58,97,58,15,4,4,12,21,14,8,10,44,38,11,2,2,87,111,79,2,14,8,1,2,25,12,14,22,74,118,77,19,85,25,12,4,6,20,76,121,16,1,2,12,54,71,14,14,11,12,25,12,22,4,10,20,5,19,93,109,83,20,14,3,84,120,85,17,6,4,16,19,16,12,21,63,48,10,11,2,6,5,9,4,22,37,29,3,0,1,18,7,3,32,121,0,0,10,16,0,0,6,121,3,0,1,4,5,0,6,121,2
180,71,4,2,5,13,7,7,17,11,22,3,1,1,82,106,69,2,14,10,0,5,121,48,5,4,6,0,0,0,121,57,1,0,5,2,9,4,5,16,71,88,72,21,83,20,21,9,12,18,60,117,13,3,45,18,67,106,67,21,47,10,43,15,10,17,67,89,9,19,76,94,59,11,4,3,73,121,73,22,13,3,4,16,12,23,74,121,82,23,7,5,62,95,78,25,11,5,7,21,3,2,14,8,12,46,47,13,13,13,14,2,1,9,38,64,1,2,22,15,8,47,52,11,6,12,24,3,0,7,40,42
180,71,4,0,1,9,46,44,6,11,22,2,9,49,48,11,2,2,21,13,1,9,42,62,12,15,16,2,12,44,42,10,4,2,16,9,9,4,6,19,60,95,80,25,78,20,6,4,13,23,76,122,12,3,4,18,77,122,72,21,62,12,5,3,9,19,76,93,11,18,67,89,50,12,39,14,70,107,66,21,12,4,44,19,13,18,62,116,79,18,22,9,68,86,74,21,8,3,5,14,0,0,6,3,0,0,122,48,4,5,6,0,0,8,122,40,66,2,13,8,1,2,93,108,19,10,20,3,6,13,7,9
179,84,4,0,27,52,13,7,7,1,2,8,2,8,46,86,49,17,10,1,36,83,68,19,15,6,12,14,11,9,1,1,70,77,42,2,62,14,2,1,18,10,10,53,6,4,10,24,86,121,67,16,72,23,12,5,33,21,70,105,9,1,0,4,123,42,3,6,46,59,12,11,20,3,1,10,5,19,69,114,87,27,13,3,68,108,67,17,42,19,16,17,8,5,0,0,123,69,1,0,22,8,1,2,12,15,8,36,0,1,12,19,39,88,70,11,2,8,12,2,17,66,105,43,0,0,0,0,123,117,8,0
179,84,4,0,13,8,16,7,0,7,34,51,4,10,11,33,13,10,22,10,4,33,85,53,9,1,16,10,8,34,19,33,35,2,0,1,108,58,3,2,13,15,20,54,22,7,4,18,69,110,83,28,67,17,8,4,5,20,82,111,10,1,3,10,9,49,46,19,68,39,2,7,10,1,35,110,9,18,67,106,67,17,41,36,69,107,69,25,21,9,15,25,14,12,17,50,92,64,28,11,3,0,0,0,0,0,111,111,2,1,8,4,0,0,111,111,12,8,10,4,3,0,111,109,22,7,35,45,13,1,12,32
179,84,4,0,126,110,13,2,0,0,0,1,14,61,120,35,2,8,13,4,45,84,42,4,1,1,11,19,6,6,17,42,16,13,3,2,127,30,1,0,8,5,0,2,37,15,20,17,68,106,69,16,88,24,9,3,5,17,69,116,19,1,2,18,71,56,8,10,127,18,1,6,8,0,0,21,43,20,68,105,71,22,10,6,86,117,64,17,5,5,13,25,19,10,12,49,38,10,1,3,108,84,40,1,3,2,0,7,25,7,12,14,40,78,44,7,41,15,10,3,4,21,69,88,14,1,0,7,34,37,5,17
179,84,4,0,0,3,94,81,42,1,6,5,0,12,126,27,2,6,8,1,0,1,126,45,1,0,8,5,0,0,126,114,10,1,0,0,54,11,20,7,12,14,39,81,11,5,40,21,69,104,71,23,69,16,39,16,18,18,68,107,12,3,14,61,115,40,2,8,60,88,45,15,10,2,3,15,12,25,85,119,65,17,5,4,70,114,88,25,10,3,5,17,11,19,43,89,53,5,0,1,8,12,11,1,1,7,32,45,1,2,19,10,12,52,48,10,9,10,20,2,2,13,61,60,2,2,8,9,13,42,19,10
179,108,4,0,4,31,31,4,0,1,18,31,1,9,26,58,11,16,18,4,9,55,57,20,1,2,13,13,4,15,19,54,23,2,4,1,39,1,1,0,1,15,42,118,9,2,1,1,31,118,103,44,74,11,1,0,6,22,74,118,10,1,2,4,28,78,58,19,48,2,2,1,2,11,101,84,28,31,8,6,44,69,77,65,118,87,5,7,15,7,7,60,19,9,29,78,89,38,15,10,0,0,0,0,0,0,91,41,9,2,0,0,0,0,78,118,30,5,0,1,0,0,118,118,2,1,16,20,2,0,118,66
179,108,4,0,0,66,76,2,2,0,0,0,5,113,86,2,0,0,0,1,12,113,76,33,1,1,0,3,8,62,97,26,7,13,2,1,0,113,113,27,4,0,0,0,21,38,100,87,64,8,6,23,113,70,58,15,5,2,4,67,23,51,113,9,3,1,0,1,8,41,22,23,8,30,76,47,19,20,85,113,36,1,8,32,79,113,81,20,4,8,3,10,23,13,3,2,9,24,51,8,45,51,39,30,24,29,33,42,74,48,21,5,0,2,6,28,2,10,20,12,46,23,10,1,0,0,0,28,57,66,65,16
184,172,4,0,41,2,0,2,30,3,0,16,148,23,2,1,0,1,23,128,15,8,3,6,4,15,103,56,9,12,2,1,1,13,50,14,52,9,2,17,37,1,0,2,148,90,17,15,0,0,1,14,39,48,85,83,4,2,13,14,12,109,36,2,0,0,10,6,61,0,0,4,54,15,1,6,148,8,2,2,0,0,9,83,54,15,31,23,2,12,47,62,4,27,42,3,1,5,30,11,39,1,0,0,18,18,4,12,137,21,11,5,0,0,16,121,75,28,17,8,0,0,22,148,45,44,100,18,4,0,1,42
191,205,4,0,0,0,1,35,33,0,0,0,33,48,6,1,0,0,0,0,40,116,127,5,0,0,0,0,0,14,139,24,0,0,0,0,1,0,0,56,105,0,0,0,139,14,0,1,4,0,0,9,139,89,36,3,0,0,0,7,12,24,122,37,6,0,0,0,0,0,0,9,139,21,0,0,139,1,0,0,8,1,0,17,139,22,2,0,0,1,14,76,23,8,7,10,19,19,41,19,0,0,0,4,110,16,0,0,73,8,0,1,5,1,0,20,139,32,2,1,0,0,17,94,5,4,2,3,1,5,66,43
223,29,4,2,34,14,2,0,0,0,0,6,196,53,0,0,0,0,0,4,126,26,31,5,0,0,0,2,1,11,18,7,11,0,0,0,69,15,2,0,0,0,0,16,196,42,0,0,0,0,0,22,154,17,0,0,0,0,0,5,2,1,1,7,12,0,0,0,56,17,3,0,0,0,0,3,196,17,0,0,0,0,0,12,152,5,0,0,2,10,4,13,2,0,1,1,10,21,42,15,49,8,0,0,0,0,0,4,196,19,0,0,0,0,9,56,82,2,0,3,21,21,38,47,14,15,15,13,34,34,31,20
229,147,4,1,44,24,1,0,55,15,0,0,26,18,4,0,52,16,0,2,76,136,69,5,0,0,0,0,8,31,145,48,0,0,0,0,27,5,0,0,49,59,27,19,96,6,0,0,31,28,2,21,145,83,7,0,0,0,0,7,88,39,72,15,0,0,0,2,1,0,0,0,2,37,34,11,95,3,0,0,1,7,4,42,145,22,0,0,0,0,15,145,54,16,0,0,0,3,71,76,0,0,17,6,1,6,1,1,15,4,14,1,0,0,1,31,26,1,1,0,0,0,43,145,0,0,0,0,0,0,145,135
241,215,5,0,5,5,0,0,0,0,3,0,17,96,25,0,0,0,1,0,0,114,131,6,0,0,0,0,0,13,81,104,11,0,0,0,28,8,0,0,0,0,0,1,132,132,20,0,0,0,0,9,26,132,114,8,0,0,0,0,0,19,37,132,67,0,0,0,18,0,0,0,0,0,0,3,132,14,2,0,0,0,0,78,123,20,38,7,5,0,0,27,0,1,12,60,94,1,0,0,1,0,0,0,0,0,0,0,132,0,0,0,0,0,0,100,132,0,0,1,2,3,4,90,0,0,1,19,59,14,5,1
250,28,4,2,0,0,0,0,0,0,0,0,0,0,0,0,0,0,0,0,0,0,0,0,0,0,0,0,0,0,0,0,0,0,0,0,33,0,0,2,0,0,0,24,205,8,3,4,0,0,0,36,40,34,71,52,1,0,0,0,10,59,27,3,3,0,0,0,77,12,7,4,0,0,0,26,205,29,4,2,0,0,0,44,184,60,122,35,0,0,0,1,5,57,54,12,12,0,0,0,73,21,0,0,0,0,0,16,205,44,0,0,0,0,0,16,193,10,2,0,0,0,0,9,2,1,2,9,11,0,0,1
32,101,5,0,0,0,0,0,0,33,118,23,6,0,0,0,0,8,118,69,6,0,0,1,2,22,118,51,7,0,0,4,44,60,38,36,24,30,13,0,0,20,108,23,118,60,11,16,5,4,57,59,58,14,8,76,43,13,39,58,70,0,0,25,71,3,3,75,34,105,62,15,5,0,0,0,118,32,26,24,16,3,4,65,43,4,1,55,118,26,15,52,38,0,0,7,50,25,35,118,47,40,11,13,24,26,35,41,11,4,8,13,56,63,43,69,5,21,15,1,38,71,76,60,1,43,59,1,16,30,32,34
35,135,5,0,0,0,0,0,0,124,52,0,15,12,0,0,0,124,36,4,85,50,9,0,0,11,20,63,42,7,12,32,3,2,21,113,0,5,3,0,0,124,34,0,80,26,6,0,0,24,6,6,124,99,35,17,4,2,4,29,10,14,25,56,75,27,52,43,3,94,50,1,0,10,2,0,23,69,124,9,1,0,0,2,86,26,26,16,29,25,71,77,15,8,2,10,58,99,88,26,5,124,39,4,0,0,0,0,0,22,106,35,26,1,0,0,0,4,16,43,124,29,11,1,6,0,0,8,15,16,32,18
48,54,5,0,91,60,0,0,6,50,14,17,35,52,0,0,31,118,11,1,96,97,0,0,12,52,11,20,11,3,0,0,35,118,5,5,55,4,12,40,3,52,99,64,118,69,0,1,5,76,50,32,67,72,0,0,43,118,6,7,0,0,0,0,44,116,0,0,9,2,79,118,4,7,18,6,118,21,67,67,1,11,20,77,21,3,2,3,27,118,28,31,0,0,0,0,12,39,0,0,26,13,28,55,9,17,27,25,13,9,67,98,49,17,1,5,1,1,4,18,55,23,2,1,0,0,0,0,6,8,0,0
47,125,5,0,14,11,0,0,0,108,58,1,80,66,17,1,0,13,21,29,105,15,15,36,5,1,10,108,2,0,2,75,71,21,27,46,57,33,24,0,0,5,3,0,108,108,42,22,9,5,7,26,17,16,28,57,99,41,64,78,12,35,4,6,50,64,108,37,12,30,108,29,12,2,0,1,65,15,19,15,43,43,105,77,25,21,6,8,71,108,104,29,30,73,17,0,10,33,37,22,0,1,31,40,74,14,0,0,1,0,2,34,108,48,18,3,21,2,0,2,3,11,54,37,19,15,0,0,0,44,60,15
47,125,5,0,0,0,0,1,26,39,80,17,0,1,11,27,107,33,15,3,3,0,53,34,28,1,0,4,62,1,13,11,0,0,0,107,19,4,1,0,2,32,107,49,106,78,63,15,19,14,43,44,7,25,107,107,42,21,9,5,21,24,75,68,18,1,0,14,55,38,23,3,0,1,2,11,104,29,25,22,7,8,70,107,60,80,18,17,29,56,97,41,8,107,107,17,15,34,5,1,61,16,18,17,0,0,0,43,38,23,29,75,19,0,9,30,107,42,10,32,4,6,51,65,23,48,4,0,2,76,69,18
47,125,5,0,0,39,48,14,17,3,0,0,18,18,39,24,7,0,0,15,111,25,10,0,0,3,13,54,23,1,0,0,0,21,84,28,12,58,34,21,33,53,4,1,72,111,100,32,23,14,2,12,37,39,89,82,76,23,22,18,1,0,0,3,24,61,101,7,34,55,81,13,41,59,3,3,109,48,90,49,8,14,24,69,9,5,7,41,111,98,41,27,0,19,3,8,79,24,3,0,85,43,51,15,1,8,2,60,10,9,46,111,32,6,17,58,0,7,18,92,94,47,11,1,1,111,27,5,16,13,0,0
56,112,5,0,15,2,0,0,4,29,89,30,71,55,60,16,16,11,28,30,3,17,106,81,33,18,7,3,34,40,69,30,6,0,0,17,52,32,17,2,0,4,5,15,82,25,22,24,6,12,76,97,81,91,16,13,21,46,75,32,11,98,71,10,16,63,8,2,60,16,31,22,0,0,0,52,52,36,43,84,13,0,9,43,103,26,23,62,5,13,73,77,49,64,1,1,2,77,73,22,14,31,110,73,0,0,0,5,56,110,67,42,4,2,7,15,15,9,24,110,20,1,15,15,70,22,2,47,6,9,44,45
56,112,5,0,1,15,6,9,107,28,0,0,3,58,48,20,19,2,0,0,28,38,47,23,7,0,0,9,74,13,18,7,2,14,24,30,5,27,91,99,74,11,1,0,20,58,41,23,50,63,2,2,103,102,63,23,18,17,7,38,10,19,39,69,97,28,15,13,17,14,31,31,80,107,2,3,63,72,67,12,66,68,2,19,54,40,107,74,8,9,17,52,2,1,5,51,79,69,25,13,19,25,24,2,43,107,1,4,67,44,84,22,5,14,3,57,13,8,28,69,15,3,39,96,1,24,35,89,55,8,11,5
58,89,6,0,0,0,72,22,5,19,93,0,12,2,37,64,24,90,64,3,124,21,2,19,13,31,8,17,39,25,21,27,15,16,17,13,0,3,81,22,4,27,124,3,25,3,43,81,55,113,63,2,124,22,2,20,28,32,6,8,50,19,13,16,19,32,33,30,6,20,91,13,5,14,78,40,25,3,53,106,62,87,44,5,124,10,1,20,26,37,42,62,37,18,5,13,16,32,73,75,37,21,14,5,1,7,61,59,16,10,25,68,44,75,37,9,52,8,0,10,43,44,28,31,43,0,0,0,22,30,38,83
72,72,6,0,0,2,92,21,16,36,19,1,87,42,30,9,13,28,9,32,29,28,102,1,5,21,33,21,6,5,101,1,9,24,15,16,5,1,55,59,25,107,78,2,129,15,5,32,22,56,13,33,88,42,39,49,25,31,31,27,28,33,17,44,35,29,13,19,6,1,60,68,41,94,64,1,129,9,4,33,36,45,6,17,100,22,15,24,33,49,41,41,39,17,10,30,40,37,15,29,4,3,57,63,36,56,41,3,129,4,3,30,32,40,26,57,47,13,5,13,18,50,99,88,28,9,8,22,12,25,26,79
72,95,5,0,1,0,34,74,38,54,41,0,121,47,3,29,28,23,4,3,89,28,19,31,12,24,24,12,22,37,20,13,7,8,9,20,11,3,30,88,45,69,46,1,121,46,1,17,23,27,9,17,82,30,8,25,52,44,37,26,66,35,4,13,23,15,10,32,13,3,15,56,53,111,55,5,121,13,0,9,24,48,53,70,41,9,3,7,14,56,121,121,52,14,2,11,7,18,24,121,13,6,16,70,58,44,15,9,43,11,0,7,47,46,21,23,64,0,0,0,35,43,24,66,102,1,5,6,6,11,7,105
82,108,5,0,7,7,1,26,49,56,90,23,78,120,2,7,32,25,18,14,35,120,5,5,26,35,33,18,38,27,19,14,8,9,24,29,28,53,3,11,52,47,33,10,76,52,1,0,5,49,103,92,119,39,18,7,17,13,62,120,42,61,19,9,34,28,10,9,20,6,0,0,3,48,58,37,99,33,0,0,3,78,45,19,120,67,0,2,4,8,22,48,29,3,1,27,34,20,83,53,4,4,6,36,4,8,13,2,120,52,4,1,0,3,4,6,120,40,8,27,8,5,4,49,4,2,21,103,15,11,29,54
104,175,5,0,69,9,0,0,36,85,11,13,46,37,1,0,34,73,22,11,25,45,11,8,62,16,14,11,0,0,0,5,135,73,0,0,30,3,0,0,33,89,35,12,135,27,0,0,22,38,6,16,58,12,2,5,105,62,1,3,0,5,64,99,135,36,0,0,20,9,6,5,67,15,5,5,135,19,0,0,31,10,2,41,39,18,16,26,47,24,3,12,29,109,135,64,51,7,0,2,27,13,0,2,73,16,0,1,134,83,3,2,19,4,0,2,30,28,10,21,30,7,4,8,53,25,4,3,37,48,64,50
113,146,5,1,25,30,24,94,87,7,0,1,17,75,68,49,47,3,1,7,39,67,89,13,1,0,3,14,47,11,1,1,5,6,1,9,70,10,2,9,116,52,1,3,116,67,16,7,77,20,3,9,31,29,36,38,52,31,7,4,9,1,1,4,16,12,6,12,21,3,0,0,76,116,61,10,109,2,0,0,24,48,116,116,32,2,0,0,14,76,110,50,29,11,1,3,9,5,7,12,0,0,0,3,1,113,93,2,29,1,0,0,0,21,116,77,116,9,0,0,0,1,37,64,51,18,0,0,10,2,0,2
126,121,5,0,4,23,66,48,41,3,0,0,45,106,57,32,34,1,0,0,19,98,79,4,31,21,10,14,36,53,24,2,3,16,11,37,17,10,3,3,63,54,35,14,112,56,1,3,63,23,5,15,77,27,2,4,112,50,8,12,112,24,0,1,60,28,6,23,8,3,8,29,15,51,67,14,112,30,4,6,12,30,29,108,89,16,2,7,78,81,19,25,112,24,0,0,87,19,0,2,4,27,78,87,4,1,0,1,25,112,57,45,10,1,1,7,55,48,34,76,33,9,1,3,67,33,6,14,80,15,0,1
126,121,5,0,27,0,0,5,78,45,20,31,14,4,1,6,34,59,43,101,1,3,3,17,55,112,61,32,12,11,6,0,1,9,70,53,78,3,0,32,116,2,0,9,90,59,23,46,65,8,4,21,20,33,34,116,84,10,2,4,33,81,59,12,5,0,3,8,87,5,1,21,116,2,0,14,116,17,7,21,92,4,2,32,69,7,2,28,116,16,1,16,95,19,8,8,25,17,13,30,30,35,15,47,33,13,3,2,45,22,22,42,27,73,24,6,17,1,0,0,69,116,39,13,19,0,0,0,6,29,98,52
144,72,5,1,39,5,8,16,7,34,18,4,8,25,29,10,1,14,35,48,2,10,29,35,7,27,32,14,5,27,32,13,2,5,19,24,37,3,0,1,114,74,18,8,123,6,0,1,36,39,36,94,40,2,0,1,100,107,48,40,89,4,0,0,20,31,32,81,35,7,0,9,123,11,0,0,123,32,0,6,71,5,0,3,69,17,0,9,123,14,0,2,123,29,0,3,62,6,0,4,30,2,0,4,123,25,0,3,123,11,0,1,52,11,0,8,65,5,0,1,123,18,0,1,123,9,0,0,52,8,0,0
144,72,5,0,47,1,0,13,123,2,0,2,123,1,0,8,60,1,0,9,63,6,0,29,123,3,0,4,123,5,0,4,32,0,0,8,56,1,0,7,123,9,0,10,123,2,0,4,75,6,0,32,68,3,0,15,123,8,0,16,123,4,0,2,39,2,0,30,36,26,25,77,99,1,0,1,123,93,42,41,38,1,0,6,37,36,41,114,107,0,0,2,105,74,24,15,29,0,0,4,2,13,22,31,4,19,17,9,6,38,40,14,2,11,36,25,2,12,30,38,7,35,24,9,8,26,17,5,21,6,22,25
148,60,5,1,121,29,0,0,0,0,0,0,56,16,17,42,19,16,11,2,15,50,58,29,9,5,12,18,6,18,35,55,23,11,8,5,121,40,0,0,6,5,0,1,52,7,0,1,72,117,44,20,78,5,3,1,14,43,51,108,15,1,8,6,19,69,67,40,121,40,0,0,27,4,0,0,53,18,0,5,121,42,2,3,121,41,0,3,77,23,2,14,66,20,0,3,119,46,10,15,121,24,0,0,36,8,0,0,59,9,0,2,121,47,0,3,121,23,0,0,71,17,0,2,71,19,0,1,85,16,0,0
148,60,5,0,115,0,0,11,48,0,0,19,69,3,0,41,122,1,0,11,122,2,0,11,49,0,0,27,3,0,0,24,122,0,0,0,122,3,0,10,68,4,0,38,72,5,1,41,122,3,0,22,122,13,2,12,56,1,0,52,11,0,0,26,122,0,0,2,73,70,51,46,29,0,0,6,38,43,50,115,60,1,0,2,89,97,46,32,30,1,2,4,8,6,0,37,122,0,0,0,4,17,26,10,5,24,44,21,5,9,15,16,15,48,31,20,17,15,12,6,18,26,52,49,6,1,0,25,122,1,1,10
158,212,5,0,23,3,1,3,1,1,0,6,151,19,0,0,0,0,0,47,120,16,0,13,18,0,0,12,59,5,3,22,25,0,0,6,38,6,1,0,0,0,1,2,151,43,0,0,0,0,0,4,151,23,1,9,5,0,0,3,21,9,9,27,24,5,4,12,31,4,0,1,1,0,0,10,151,6,0,0,0,0,0,58,151,37,7,6,5,1,1,20,3,7,6,19,81,18,5,5,13,2,1,0,2,1,0,6,151,1,0,0,0,0,13,85,102,8,2,1,3,20,151,82,2,1,1,3,33,104,140,8
165,13,5,2,0,0,0,0,0,0,0,0,10,10,0,0,0,0,0,1,57,4,0,0,0,0,7,100,217,0,0,0,0,0,23,211,0,0,0,0,0,0,0,0,11,12,0,0,0,0,0,0,66,7,0,0,0,0,0,6,217,7,0,0,0,0,0,13,0,0,0,0,0,0,0,0,15,1,0,0,0,0,0,6,60,7,0,0,0,0,0,5,217,15,0,0,0,0,0,5,0,0,0,0,0,0,0,0,17,3,0,0,0,0,0,0,57,15,0,0,0,0,0,0,217,32,0,0,1,0,0,1
165,62,5,0,0,99,60,0,0,0,0,0,0,106,98,0,6,7,0,0,7,94,37,0,12,40,45,19,12,10,5,7,9,26,21,33,2,103,60,0,0,56,72,9,28,44,25,15,33,19,69,62,28,34,55,81,73,52,31,23,51,41,14,29,53,25,24,35,8,82,49,0,3,106,73,9,106,106,18,5,1,14,57,59,22,15,36,55,61,28,17,22,28,27,22,36,49,43,56,41,0,79,51,0,0,74,36,0,25,64,23,0,0,85,106,38,72,30,9,30,21,4,27,64,12,25,45,47,35,26,9,3
165,62,5,0,73,105,21,13,14,8,6,0,34,50,43,46,37,27,26,21,56,45,11,8,32,39,14,19,0,0,10,37,29,49,86,26,11,31,31,28,53,54,33,10,77,47,32,19,9,23,42,72,16,20,9,40,54,62,45,9,0,0,76,105,28,19,60,30,2,9,35,50,28,8,68,36,37,73,51,25,24,10,28,34,5,3,24,97,85,79,65,12,0,1,60,47,5,8,105,85,0,0,0,0,0,6,103,61,0,1,1,4,2,0,105,105,0,0,31,63,8,0,97,79,0,0,96,67,0,0,33,32
165,84,5,0,8,32,111,5,0,11,70,17,70,86,25,7,9,2,17,45,13,19,30,75,65,33,14,8,46,47,23,9,20,19,15,25,5,19,79,4,0,16,111,28,68,53,18,3,10,6,47,105,13,11,17,43,74,93,37,22,31,26,14,6,84,26,34,58,6,35,111,11,0,9,73,14,73,111,48,7,10,3,20,50,12,22,40,92,69,43,18,7,26,52,33,13,85,41,33,12,9,24,25,7,0,14,111,27,61,48,6,3,7,6,33,83,6,3,5,47,71,72,31,9,0,1,5,17,45,81,73,11
165,84,5,0,45,84,74,12,0,1,5,16,70,74,33,9,6,3,5,46,8,6,30,82,61,49,5,3,0,12,111,29,10,26,23,7,86,41,31,13,27,53,33,13,70,44,19,7,12,22,39,92,10,3,19,49,71,111,48,7,0,8,73,15,6,34,111,12,81,27,34,58,31,26,14,6,72,93,37,21,13,11,17,42,10,6,47,106,69,54,19,3,0,14,111,29,5,17,78,5,19,19,16,25,46,47,24,10,67,34,14,8,13,18,28,73,8,2,17,45,69,88,28,6,0,10,69,16,7,29,111,6
172,224,5,0,2,2,1,4,0,0,0,0,73,25,1,0,0,0,0,0,164,97,0,0,0,0,0,0,75,29,0,5,5,0,0,0,2,1,0,7,9,6,0,2,128,11,0,0,0,0,0,19,164,42,0,0,0,0,0,16,84,49,12,7,13,1,0,1,0,2,3,4,8,6,0,0,123,10,1,0,0,0,0,21,164,28,0,0,0,0,55,135,55,18,5,4,14,31,164,66,0,0,1,3,9,2,0,0,20,2,1,0,0,0,1,25,27,4,4,0,0,0,107,118,0,1,10,1,0,13,164,23
204,71,5,0,34,12,1,16,15,3,57,107,17,42,52,41,19,8,49,43,20,33,18,38,52,29,22,19,42,38,28,21,19,19,24,33,6,0,0,1,1,0,134,134,21,3,4,1,0,0,134,134,106,10,19,23,8,1,60,134,18,35,53,16,12,5,6,4,30,6,0,3,12,1,5,14,134,34,0,0,0,0,25,48,134,97,3,5,2,2,5,33,23,21,18,13,6,7,9,4,25,8,0,0,8,3,0,0,134,74,0,0,0,0,0,1,134,96,3,2,0,0,0,0,7,10,19,6,3,0,0,0
204,71,5,0,1,4,8,3,4,21,8,0,138,15,3,0,1,3,0,37,138,10,5,14,26,22,3,49,31,25,24,25,27,32,29,33,1,27,30,0,0,3,2,0,130,64,28,0,0,0,0,28,138,43,11,15,7,4,0,77,25,26,42,29,21,43,26,16,0,118,138,0,0,0,0,0,16,138,138,1,1,0,0,2,77,138,69,11,13,4,2,10,13,17,32,64,63,39,14,9,0,83,123,0,0,0,0,0,0,42,81,18,20,3,1,0,6,15,23,15,14,8,7,13,1,4,20,24,8,43,27,2
222,221,5,0,4,1,0,0,24,121,32,3,90,114,0,0,6,14,0,0,92,131,0,0,0,0,0,0,15,54,7,2,9,9,0,0,28,3,0,0,0,12,17,4,131,86,0,0,0,0,1,25,131,64,0,0,0,0,21,60,7,5,0,0,29,110,20,20,21,0,0,3,0,0,1,16,117,4,0,0,0,0,33,131,20,1,0,0,0,8,131,131,0,0,0,0,14,131,119,19,0,0,3,15,0,0,0,4,1,0,1,5,1,0,27,43,0,0,1,1,0,9,118,50,0,0,0,0,0,59,69,2
56,38,6,1,10,5,0,0,0,0,0,0,130,16,0,0,0,0,0,7,130,10,2,9,25,28,21,30,25,21,11,14,22,31,40,46,19,1,0,0,0,0,0,0,104,3,0,0,0,0,2,48,82,12,12,32,20,40,130,100,10,21,14,31,19,30,130,46,16,3,0,0,0,0,0,0,98,18,0,0,0,0,0,5,130,78,37,105,53,9,11,6,25,95,63,130,68,8,42,8,14,1,0,0,0,0,0,0,112,14,0,0,0,0,0,0,130,45,10,31,67,0,0,0,58,67,33,51,94,0,0,0
58,65,6,0,0,0,130,9,0,0,0,0,2,7,99,30,9,6,0,1,31,73,70,4,2,2,1,6,3,20,130,2,0,0,4,3,0,0,88,24,11,49,98,0,18,2,42,46,39,130,64,12,130,32,11,9,10,39,21,55,34,28,40,10,5,15,32,34,0,0,70,59,18,46,72,0,41,6,27,110,76,100,29,4,130,31,7,18,16,18,10,15,45,32,20,14,7,13,21,29,3,14,40,15,12,36,61,14,36,3,18,76,64,80,20,6,130,5,0,8,15,19,33,49,46,11,1,4,10,13,41,57
75,48,6,1,13,20,0,0,0,0,0,0,127,97,0,0,0,0,0,0,91,49,21,57,42,14,12,5,18,64,65,53,31,4,4,7,48,19,0,0,0,0,0,0,127,73,0,0,6,4,8,26,69,26,9,15,46,58,49,36,32,21,14,15,15,26,39,53,48,7,0,0,0,0,0,6,109,20,7,13,8,10,70,92,13,13,9,25,31,26,127,102,10,15,7,11,21,13,127,96,42,24,0,0,0,0,0,0,78,92,24,51,38,4,4,2,4,46,55,115,91,12,51,21,3,33,53,63,16,3,99,49
75,48,6,0,0,1,28,3,0,0,0,0,0,12,47,1,0,0,0,0,0,2,73,10,0,0,0,0,0,0,47,14,0,0,0,0,2,6,123,54,16,20,5,2,62,116,108,9,5,7,4,13,10,39,149,13,0,1,11,8,0,1,149,30,0,6,3,2,23,3,24,50,39,149,75,13,149,44,10,12,11,45,27,59,59,43,56,18,9,22,52,55,17,13,52,33,45,75,27,22,42,8,14,78,69,74,17,3,149,47,6,15,13,14,11,10,52,44,27,18,7,14,26,36,13,16,12,52,52,47,11,8
98,72,7,0,16,46,50,35,2,34,33,7,16,51,108,108,9,1,5,7,15,69,71,108,35,1,2,11,48,18,4,83,39,2,25,39,13,80,36,0,0,63,60,11,62,41,24,34,17,12,49,65,17,29,33,76,54,19,16,12,21,18,10,108,89,6,16,16,2,85,43,0,1,76,45,1,57,73,22,1,3,52,84,54,36,26,28,32,34,40,32,34,6,19,19,60,42,79,21,3,0,66,46,8,12,62,30,0,14,108,51,0,0,77,44,4,16,22,4,1,0,108,81,3,0,0,0,0,1,96,46,0
98,72,7,0,1,0,29,63,15,10,37,58,14,5,43,72,0,0,33,94,26,20,70,50,67,6,8,36,0,13,25,50,110,11,0,1,3,1,42,85,1,0,46,91,61,50,74,49,2,1,21,74,41,40,30,31,68,51,7,12,5,12,55,100,95,48,1,1,4,9,61,80,0,0,43,100,54,55,59,22,19,18,27,48,17,10,21,24,51,71,35,28,18,19,18,8,86,110,3,5,0,0,1,0,0,0,42,107,0,2,6,10,10,3,76,110,5,6,18,18,60,80,45,27,31,34,62,11,41,64,2,14
98,97,7,0,26,55,2,10,50,45,46,11,41,117,5,4,11,14,19,15,31,55,33,22,18,9,13,18,13,9,12,52,20,24,38,20,63,36,0,0,10,32,62,65,117,67,7,1,7,11,38,111,37,40,13,13,53,53,48,20,1,0,11,75,48,30,47,60,101,36,1,3,1,20,51,22,117,63,3,16,8,9,39,47,14,2,7,81,48,23,68,91,2,0,12,111,7,2,19,98,52,97,56,30,0,0,0,3,96,34,22,46,8,3,14,85,4,2,10,77,31,12,39,89,25,15,26,52,6,0,13,78
144,134,7,0,1,6,67,20,9,40,79,6,9,19,66,22,4,24,116,17,76,60,12,8,12,9,37,75,7,5,3,40,78,65,21,5,15,14,71,14,7,25,103,66,18,18,36,45,34,116,82,42,116,53,2,6,20,19,26,116,15,3,0,31,116,113,2,14,59,54,52,25,11,10,39,35,21,33,44,111,63,38,24,9,116,68,16,9,16,9,19,66,19,0,0,52,116,38,17,15,21,13,13,2,3,7,17,19,4,15,44,20,12,4,27,10,12,18,37,6,3,17,27,11,0,0,0,18,35,33,27,4
164,47,7,2,67,1,0,0,0,0,0,51,106,0,0,0,3,11,12,135,13,1,20,61,75,34,30,20,4,1,135,101,34,10,6,9,39,2,0,0,0,0,0,12,135,9,3,12,9,9,2,37,52,43,51,52,28,36,34,28,17,39,57,51,20,23,18,22,44,4,0,0,0,0,0,0,135,14,0,2,26,24,4,6,70,10,11,10,64,83,64,72,38,9,12,10,36,65,59,69,40,5,0,0,0,0,0,0,135,11,0,2,59,4,0,0,110,10,0,10,135,16,1,11,94,10,0,6,94,11,1,8
165,143,7,0,122,34,3,0,11,2,0,13,46,44,37,2,0,0,3,16,4,34,34,4,1,3,15,5,0,0,43,14,2,5,22,2,122,11,0,0,2,4,0,50,122,35,26,10,5,0,0,66,12,10,25,40,97,47,23,4,33,4,1,0,18,36,52,59,122,45,0,0,0,0,0,13,122,122,3,11,16,0,0,26,31,17,15,122,122,39,1,3,31,72,49,39,27,20,9,38,122,101,9,0,0,0,0,5,122,86,13,5,6,4,0,49,14,9,16,76,83,64,2,8,10,30,58,23,14,21,23,29
190,95,6,0,52,2,1,6,2,0,0,16,142,31,0,0,0,0,0,47,131,42,2,5,5,2,2,93,11,4,17,54,72,21,2,12,54,11,16,14,4,1,0,2,142,114,10,0,0,1,0,20,93,117,29,0,2,12,15,54,28,13,13,42,45,27,7,28,38,14,9,4,4,15,4,5,142,23,2,1,2,3,0,69,111,28,27,26,21,28,20,46,52,23,11,33,28,11,10,39,6,74,80,0,0,0,0,0,142,142,63,0,0,0,0,19,85,42,21,24,23,25,10,16,32,18,9,11,16,16,20,46
232,143,7,1,11,11,0,0,18,2,0,0,8,12,1,1,16,1,0,0,1,25,19,1,3,0,0,0,0,2,27,6,0,0,0,0,30,13,0,1,32,15,8,10,56,21,1,1,36,39,16,10,132,132,77,3,5,3,1,4,17,41,132,72,0,0,0,1,2,0,10,25,7,29,26,9,61,1,7,3,1,26,38,37,132,26,3,0,0,0,30,132,33,13,36,10,0,0,126,103,0,0,125,132,5,1,0,0,6,3,132,60,0,0,1,9,16,5,98,28,0,0,37,117,0,0,21,16,0,0,132,93
84,204,8,0,50,5,0,1,6,5,0,8,172,63,18,0,0,0,0,42,82,35,123,19,0,0,5,15,0,0,106,70,33,21,3,0,61,1,0,0,15,9,0,10,172,26,0,0,0,1,1,34,124,8,0,0,1,35,49,23,2,0,0,3,113,84,34,3,74,6,0,14,16,5,0,0,172,22,0,0,0,5,4,25,82,1,0,0,2,46,24,33,21,2,8,31,116,11,4,8,60,4,0,2,4,13,5,4,172,16,0,0,1,1,0,23,69,11,0,1,5,4,3,12,29,18,14,13,9,6,5,5
89,167,8,2,13,24,21,40,39,36,18,15,21,46,34,6,7,14,25,21,7,2,1,4,57,29,3,2,3,0,0,8,101,13,1,1,16,1,0,2,10,128,128,64,127,3,0,1,3,8,91,128,31,12,6,20,53,3,2,7,1,18,12,31,128,2,0,0,52,33,16,63,28,30,25,15,128,109,6,1,0,0,5,30,44,49,52,12,14,1,0,0,0,26,14,20,128,11,0,0,20,54,48,63,15,20,13,14,128,128,7,1,0,0,18,53,19,21,26,5,7,2,42,24,0,1,5,27,128,18,13,1
143,169,7,0,46,0,0,0,4,19,8,46,49,8,6,11,11,2,1,36,10,29,94,48,16,30,11,3,44,55,39,22,17,30,19,42,124,6,3,4,4,0,0,45,124,21,3,7,10,1,0,8,16,9,21,50,86,88,19,2,29,62,69,24,17,65,41,68,124,26,8,5,2,0,0,5,72,10,8,7,9,3,7,49,27,29,56,47,28,2,17,49,13,124,124,17,3,7,72,26,124,8,1,2,8,16,32,50,6,1,0,2,20,58,88,53,11,2,0,0,0,62,124,72,3,3,1,0,0,78,124,29
164,72,7,0,0,16,125,0,0,4,29,3,8,37,125,1,1,1,10,20,5,71,125,4,7,8,3,9,14,105,30,0,0,4,19,15,4,16,50,3,1,13,84,9,92,57,24,6,8,3,25,61,23,15,18,37,44,26,9,18,11,6,2,1,56,125,76,18,3,12,56,6,2,13,45,7,108,57,17,3,6,3,18,62,23,8,6,37,74,42,10,7,0,0,1,4,125,117,9,0,4,4,32,9,4,17,50,7,95,28,9,2,5,5,22,63,23,4,2,18,112,77,2,9,0,0,0,2,125,125,1,0
164,96,7,0,1,8,39,5,2,6,51,6,64,48,16,3,4,2,18,40,19,11,11,24,33,22,6,11,9,5,2,1,33,90,60,13,3,8,53,10,2,8,44,7,98,61,18,4,7,4,14,47,19,7,5,29,70,53,9,5,0,0,1,3,125,125,11,0,10,3,21,16,10,22,58,15,125,29,5,3,14,9,20,68,18,4,1,13,125,125,5,5,0,0,0,0,125,125,3,0,12,4,6,19,23,59,30,21,125,13,0,2,16,19,13,97,15,1,0,4,125,107,3,10,0,0,0,1,125,62,0,0
164,122,9,0,135,9,0,3,17,3,0,63,63,45,11,12,14,5,1,32,7,7,11,17,43,39,35,29,9,7,10,17,40,19,15,35,135,2,0,0,9,15,2,85,135,34,5,40,28,0,0,69,28,35,28,135,110,11,4,17,29,64,37,28,10,6,19,27,135,32,4,6,2,1,0,15,135,77,0,9,8,0,1,39,33,15,23,103,98,12,4,15,9,35,42,14,10,14,32,11,135,37,7,2,1,1,0,6,135,56,4,0,0,1,4,28,25,8,8,44,60,20,6,19,1,15,27,18,19,24,27,2
178,204,8,0,20,9,0,0,0,2,2,0,141,86,0,0,0,0,0,2,85,42,7,6,2,0,0,2,32,20,4,7,22,8,2,4,60,9,0,1,2,0,0,2,141,76,0,0,0,1,11,35,55,27,3,4,15,28,38,31,31,7,7,6,7,5,29,55,32,13,3,0,3,0,0,12,97,21,31,1,0,2,94,140,8,1,29,6,3,27,141,75,6,0,6,3,0,17,141,65,53,66,10,0,0,0,0,5,33,109,141,10,0,0,8,13,0,3,141,59,0,1,25,7,0,0,94,96,19,3,43,6
178,204,8,0,0,3,24,24,0,0,2,0,0,17,32,3,0,1,2,0,0,8,83,4,0,1,1,0,1,5,59,5,0,0,0,5,8,16,54,145,78,0,0,0,100,145,95,17,13,0,0,7,13,50,145,21,0,1,1,3,0,19,145,27,1,1,0,0,18,4,3,45,145,3,0,3,145,36,5,6,49,1,3,63,52,38,41,9,3,4,19,41,0,8,67,16,7,5,2,0,13,0,0,8,145,55,12,6,145,23,0,2,38,9,0,41,81,64,14,5,5,2,1,23,3,11,23,8,16,23,27,9
235,240,8,0,0,0,0,0,0,0,0,0,0,2,0,0,2,1,0,0,42,42,26,0,4,1,0,14,106,27,40,5,0,0,67,149,0,0,0,0,0,0,0,0,44,20,0,0,1,1,0,3,149,149,111,0,0,0,0,15,24,89,149,97,0,0,14,20,0,0,0,0,0,0,0,0,49,2,0,0,2,3,1,23,149,49,6,0,0,0,23,149,47,28,73,32,0,1,149,149,0,0,0,0,0,0,0,0,0,0,0,0,0,0,0,1,3,0,0,0,0,0,8,35,0,0,0,0,0,0,76,56
131,226,11,0,0,0,0,0,1,0,0,0,128,0,0,4,11,3,0,25,161,0,0,0,0,5,16,83,12,0,3,21,75,32,26,17,0,0,0,0,0,1,0,0,124,2,0,7,8,13,6,18,161,10,0,0,0,0,5,83,63,16,8,16,11,6,6,20,0,0,0,0,0,0,0,0,138,21,0,0,0,4,4,5,161,85,0,0,0,2,3,16,62,30,4,8,9,7,10,27,0,0,0,0,0,0,0,0,92,7,0,0,0,0,0,24,161,19,9,0,0,10,97,121,7,2,10,1,0,19,161,52
201,188,10,0,55,8,3,4,66,26,5,43,1,6,2,29,132,35,1,1,19,94,51,17,36,3,0,2,2,14,44,29,4,0,0,0,11,9,6,6,34,37,18,9,26,8,1,33,132,36,1,0,132,91,25,20,51,2,0,1,15,13,21,43,100,0,0,0,0,0,0,6,12,17,132,30,26,0,0,20,132,87,56,11,132,3,0,3,42,27,27,94,15,0,0,4,108,73,21,13,0,0,0,0,0,7,132,15,2,0,0,0,7,60,94,11,13,0,0,0,1,23,70,87,0,0,0,0,5,70,50,8
201,188,10,0,5,69,50,8,0,0,0,0,2,22,70,87,12,0,0,0,7,61,95,10,1,0,0,0,0,8,132,14,0,0,0,0,107,74,21,14,15,0,0,4,42,27,27,96,132,2,0,3,132,86,56,11,25,0,0,21,12,17,132,29,0,0,0,6,100,0,0,0,15,12,20,44,51,2,0,1,132,89,25,20,132,35,0,0,27,8,1,34,35,37,17,9,12,9,6,6,4,0,0,0,2,14,44,29,35,3,0,2,20,95,51,17,132,34,1,1,1,6,2,31,69,26,5,44,53,8,3,4
232,169,11,0,0,0,0,12,133,32,2,3,14,13,9,2,17,6,4,14,1,4,12,1,0,0,0,0,0,0,0,0,0,0,0,0,5,9,3,111,133,6,0,2,84,133,63,40,27,0,0,8,10,36,78,71,26,0,0,0,0,0,0,0,0,0,0,0,7,2,1,99,133,18,1,3,133,35,7,44,68,0,0,78,64,8,8,91,133,13,3,28,0,0,0,5,20,2,0,0,0,0,1,39,80,59,60,1,65,0,0,22,73,43,36,109,24,0,0,6,67,115,85,76,0,0,0,0,22,34,1,0
16,171,12,0,0,0,0,0,0,0,0,0,0,0,0,0,67,134,14,2,8,4,3,5,48,134,74,30,15,8,14,13,18,48,72,92,0,0,0,0,0,0,0,0,30,3,0,0,32,99,20,9,134,108,54,20,21,50,16,22,21,56,134,70,12,7,3,6,0,0,0,0,0,0,0,0,90,0,0,0,0,3,9,24,134,30,8,2,0,5,44,114,23,10,31,22,15,53,125,19,0,0,0,0,0,0,0,0,21,0,0,0,0,0,0,27,50,0,0,0,0,8,104,134,0,0,0,0,0,53,134,12
230,206,12,0,9,5,1,0,119,96,10,6,23,87,56,16,119,55,0,0,7,62,119,71,19,1,0,0,0,0,4,8,1,0,0,0,5,0,0,0,105,119,109,31,119,98,8,3,76,60,14,37,45,42,18,33,117,64,9,8,0,0,0,2,4,0,0,0,4,0,0,0,3,45,119,48,82,3,0,0,4,47,119,119,10,0,0,0,19,119,116,26,0,0,0,0,0,0,0,0,0,0,0,0,0,0,5,4,0,0,0,0,0,3,34,21,0,0,0,0,0,10,28,1,0,0,0,0,0,0,0,0
230,206,12,0,0,2,0,0,0,0,0,0,2,34,30,0,0,0,0,0,72,128,30,1,0,0,0,10,39,128,45,0,0,0,0,19,18,20,0,0,0,0,0,0,110,128,115,22,0,0,0,7,78,60,124,128,12,0,0,70,84,21,2,17,5,0,2,128,5,2,0,0,0,0,0,0,103,29,9,9,0,0,2,76,22,6,13,128,99,44,41,92,20,0,0,39,95,46,27,128,0,0,0,0,0,0,0,0,0,0,0,0,0,0,1,8,0,0,0,0,20,66,54,20,14,1,2,7,46,60,11,23
92,76,18,0,0,0,0,0,5,16,47,5,0,0,2,67,95,54,30,1,0,0,8,78,23,1,0,0,0,0,0,4,0,0,0,0,8,10,12,6,5,14,124,86,91,47,19,13,21,53,99,55,12,28,50,124,40,9,1,1,0,0,0,89,21,0,0,0,25,44,61,109,49,5,18,33,124,62,23,14,6,6,16,67,31,38,22,59,23,25,14,15,0,5,39,124,14,1,4,1,13,9,22,27,10,2,15,122,53,38,26,8,0,19,25,24,31,30,5,2,0,90,124,14,4,2,24,53,0,25,124,113
228,43,16,0,12,29,17,1,0,1,115,155,8,11,41,31,41,1,35,109,1,0,3,36,155,21,1,2,0,0,0,0,26,4,0,0,36,0,0,6,30,6,120,155,155,16,0,20,43,2,41,155,46,6,0,78,155,14,0,6,0,0,0,3,29,1,0,0,28,1,0,2,10,0,0,8,155,15,0,1,18,4,0,12,27,2,0,3,155,29,0,0,0,0,0,0,10,1,0,0,0,0,0,0,0,0,0,0,0,0,0,0,0,0,0,0,0,0,0,0,0,0,0,0,0,0,0,0,0,0,0,0
56,188,20,0,0,1,0,0,0,0,0,0,0,14,10,0,0,0,0,0,11,9,7,0,0,0,0,11,5,0,0,0,0,2,5,30,17,17,0,0,0,0,0,0,117,148,111,7,2,0,0,5,59,69,138,52,43,3,0,64,69,16,3,3,6,16,45,148,43,1,0,0,0,0,0,6,148,40,11,5,9,1,0,73,73,54,56,80,112,7,0,26,93,148,29,14,12,3,3,26,32,0,0,0,0,0,0,2,148,4,0,0,0,0,5,54,83,33,24,12,1,0,55,58,29,66,15,6,4,1,34,46
